metric,session_type,relative_session,LED_trial,window_sessions,n_animals,contributing_animals,mean_fraction,sem_fraction,sum_window_aborts,sum_window_eligible_trials
isolated,7,-35,0,3,1,92,0.08354755784061697,,65,778
isolated,7,-35,1,3,1,92,0.08924485125858124,,39,437
isolated,7,-34,0,3,1,92,0.08286403861625101,,103,1243
isolated,7,-34,1,3,1,92,0.08296296296296296,,56,675
isolated,7,-33,0,3,1,92,0.07716049382716049,,100,1296
isolated,7,-33,1,3,1,92,0.08092485549132948,,56,692
isolated,7,-32,0,3,1,92,0.07742998352553541,,94,1214
isolated,7,-32,1,3,1,92,0.08631921824104234,,53,614
isolated,7,-31,0,3,1,92,0.06841216216216216,,81,1184
isolated,7,-31,1,3,1,92,0.08260105448154657,,47,569
isolated,7,-30,0,3,1,92,0.07265306122448979,,89,1225
isolated,7,-30,1,3,1,92,0.07871198568872988,,44,559
isolated,7,-29,0,3,1,92,0.08732612055641421,,113,1294
isolated,7,-29,1,3,1,92,0.09047619047619047,,57,630
isolated,7,-28,0,3,1,92,0.11324944485566248,,153,1351
isolated,7,-28,1,3,1,92,0.1187683284457478,,81,682
isolated,7,-27,0,3,3,"92,93,103",0.10382087737560075,0.013312885042943626,314,2922
isolated,7,-27,1,3,3,"92,93,103",0.09854256554486229,0.017711950786582453,163,1616
isolated,7,-26,0,3,3,"92,93,103",0.10136061634075366,0.013937953760534685,398,3894
isolated,7,-26,1,3,3,"92,93,103",0.1013040646206067,0.015620946550849515,211,2091
isolated,7,-25,0,3,3,"92,93,103",0.09452957919477623,0.011112223248199299,377,3976
isolated,7,-25,1,3,3,"92,93,103",0.09679827480532284,0.008075939979518216,197,2038
isolated,7,-24,0,3,3,"92,93,103",0.08707989987241654,0.013468989182839444,343,3888
isolated,7,-24,1,3,3,"92,93,103",0.10128076080152916,0.0080008105293535,201,1976
isolated,7,-23,0,3,3,"92,93,103",0.09264881250734953,0.013812517834089821,355,3788
isolated,7,-23,1,3,3,"92,93,103",0.10355871368805164,0.010013926341098196,202,1944
isolated,7,-22,0,3,3,"92,93,103",0.09967267396273989,0.008790365906894467,393,3934
isolated,7,-22,1,3,3,"92,93,103",0.11016131511485115,0.011524413882170232,222,2005
isolated,7,-21,0,3,3,"92,93,103",0.11258611402638935,0.0018586669204147482,458,4064
isolated,7,-21,1,3,3,"92,93,103",0.11104020689418943,0.007415846691058117,233,2103
isolated,7,-20,0,3,4,"92,93,98,103",0.10695912808448463,0.006309909551181877,536,4970
isolated,7,-20,1,3,4,"92,93,98,103",0.1108748420730208,0.00647961120453115,285,2534
isolated,7,-19,0,3,5,"92,93,98,99,103",0.12070437645979601,0.01458913492904392,750,6395
isolated,7,-19,1,3,5,"92,93,98,99,103",0.11163220453697664,0.00611195564150582,362,3263
isolated,7,-18,0,3,5,"92,93,98,99,103",0.11036171652114665,0.010088285325981886,756,6847
isolated,7,-18,1,3,5,"92,93,98,99,103",0.10703087124563057,0.007471529766795539,362,3373
isolated,7,-17,0,3,5,"92,93,98,99,103",0.10286060090852442,0.007760681494083227,725,7024
isolated,7,-17,1,3,5,"92,93,98,99,103",0.10352461218409421,0.00676071944535141,361,3474
isolated,7,-16,0,3,5,"92,93,98,99,103",0.09388841976560283,0.007754706563642109,610,6470
isolated,7,-16,1,3,5,"92,93,98,99,103",0.0992854563616696,0.005659838451457986,324,3239
isolated,7,-15,0,3,6,"92,93,98,99,100,103",0.10898660300697709,0.0046411655663616885,828,7515
isolated,7,-15,1,3,6,"92,93,98,99,100,103",0.10334451420640707,0.0024809773380905357,402,3883
isolated,7,-14,0,3,6,"92,93,98,99,100,103",0.10784140799425783,0.007613324995460988,876,8105
isolated,7,-14,1,3,6,"92,93,98,99,100,103",0.09427404644842478,0.0038479412332606765,399,4224
isolated,7,-13,0,3,6,"92,93,98,99,100,103",0.10772117272731645,0.008570145654627593,908,8428
isolated,7,-13,1,3,6,"92,93,98,99,100,103",0.0943017700413098,0.0034595176989768387,426,4530
isolated,7,-12,0,3,6,"92,93,98,99,100,103",0.09468954542799567,0.008425448724822248,796,8366
isolated,7,-12,1,3,6,"92,93,98,99,100,103",0.09092554749607855,0.005410876825681912,405,4454
isolated,7,-11,0,3,6,"92,93,98,99,100,103",0.09436912051379524,0.0064842116593892656,763,8141
isolated,7,-11,1,3,6,"92,93,98,99,100,103",0.08762722136716318,0.0049502388918165685,378,4320
isolated,7,-10,0,3,6,"92,93,98,99,100,103",0.0933756293458251,0.004953262971284666,759,8149
isolated,7,-10,1,3,6,"92,93,98,99,100,103",0.09278082302616729,0.004871595693069146,387,4156
isolated,7,-9,0,3,6,"92,93,98,99,100,103",0.10001051465601608,0.006554330633444864,827,8252
isolated,7,-9,1,3,6,"92,93,98,99,100,103",0.10427677797080705,0.005156462470312842,439,4208
isolated,7,-8,0,3,6,"92,93,98,99,100,103",0.10472515022509925,0.0068974812407531045,891,8525
isolated,7,-8,1,3,6,"92,93,98,99,100,103",0.11485527919136568,0.010350085115753702,503,4410
isolated,7,-7,0,3,6,"92,93,98,99,100,103",0.1041476561910154,0.0049612988420206,937,9047
isolated,7,-7,1,3,6,"92,93,98,99,100,103",0.10675453015505476,0.012050663946795057,508,4782
isolated,7,-6,0,3,6,"92,93,98,99,100,103",0.09787511522818944,0.004821266933080529,887,9082
isolated,7,-6,1,3,6,"92,93,98,99,100,103",0.09425204078813927,0.012497718123426264,445,4727
isolated,7,-5,0,3,6,"92,93,98,99,100,103",0.09327026304358045,0.00826474161482012,820,8713
isolated,7,-5,1,3,6,"92,93,98,99,100,103",0.08692427075129054,0.009488241363372646,398,4503
isolated,7,-4,0,3,6,"92,93,98,99,100,103",0.0911981265614943,0.006260246173101917,834,9043
isolated,7,-4,1,3,6,"92,93,98,99,100,103",0.0870609013948308,0.007780478901496468,399,4532
isolated,7,-3,0,3,6,"92,93,98,99,100,103",0.08794007453389029,0.005975461606677937,798,8992
isolated,7,-3,1,3,6,"92,93,98,99,100,103",0.09598551983396808,0.007649469254215892,439,4521
isolated,7,-2,0,3,6,"92,93,98,99,100,103",0.0837656396543185,0.004950598276221423,782,9304
isolated,7,-2,1,3,6,"92,93,98,99,100,103",0.09756759843112665,0.007357239317793634,451,4610
isolated,7,-1,0,3,6,"92,93,98,99,100,103",0.08168321903109617,0.006089993346131724,489,5964
isolated,7,-1,1,3,6,"92,93,98,99,100,103",0.10085006325822465,0.008864837568413731,298,2964
isolated,8,0,0,3,6,"92,93,98,99,100,103",0.08668327382940005,0.005190244899273834,424,4828
isolated,8,0,1,3,6,"92,93,98,99,100,103",0.07318304829024057,0.005491685183967609,226,3050
isolated,8,1,0,3,6,"92,93,98,99,100,103",0.08874645374629321,0.005990666634058335,667,7427
isolated,8,1,1,3,6,"92,93,98,99,100,103",0.08362850886635935,0.004029122883665864,388,4606
isolated,8,2,0,3,6,"92,93,98,99,100,103",0.08147980103911008,0.006210053827716732,577,7074
isolated,8,2,1,3,6,"92,93,98,99,100,103",0.08212097509403729,0.005222265418275492,371,4432
isolated,8,3,0,3,5,"93,98,99,100,103",0.07415351016555102,0.004701755221512837,492,6589
isolated,8,3,1,3,5,"93,98,99,100,103",0.08774528982904731,0.0031255173853269704,361,4089
isolated,8,4,0,3,5,"93,98,99,100,103",0.07899044159991242,0.0021153514008093073,557,7041
isolated,8,4,1,3,5,"93,98,99,100,103",0.08866250820410153,0.006700988367125372,383,4267
isolated,8,5,0,3,5,"93,98,99,100,103",0.08225452874481319,0.007678750845221144,594,7274
isolated,8,5,1,3,5,"93,98,99,100,103",0.0901998391777046,0.009672957524849327,399,4382
isolated,8,6,0,3,6,"92,93,98,99,100,103",0.08763512813123632,0.009380240082833478,695,7997
isolated,8,6,1,3,6,"92,93,98,99,100,103",0.09365860285997811,0.010505545085275137,464,4857
isolated,8,7,0,3,6,"92,93,98,99,100,103",0.08624004983047263,0.011290611618330714,677,7959
isolated,8,7,1,3,6,"92,93,98,99,100,103",0.09182240830774992,0.010784359535073904,459,4907
isolated,8,8,0,3,6,"92,93,98,99,100,103",0.0923571545697577,0.007969646432838536,740,8106
isolated,8,8,1,3,6,"92,93,98,99,100,103",0.09696121882450319,0.009157378512297887,498,5021
isolated,8,9,0,3,6,"92,93,98,99,100,103",0.09625470272637125,0.0066051750411890665,760,7974
isolated,8,9,1,3,6,"92,93,98,99,100,103",0.09717361977046333,0.008067741436637731,472,4787
isolated,8,10,0,3,6,"92,93,98,99,100,103",0.09638594245540995,0.006926660354280986,725,7661
isolated,8,10,1,3,6,"92,93,98,99,100,103",0.09538556619668853,0.009364199826698387,438,4516
isolated,8,11,0,3,5,"93,98,99,100,103",0.0929947874390424,0.00883016300415803,599,6575
isolated,8,11,1,3,5,"93,98,99,100,103",0.10227526322152647,0.011856538876437745,396,3850
isolated,8,12,0,3,5,"93,98,99,100,103",0.09667024182527958,0.011526498492997328,620,6426
isolated,8,12,1,3,5,"93,98,99,100,103",0.10902822534384746,0.012921754986386555,433,3886
isolated,8,13,0,3,6,"92,93,98,99,100,103",0.10039723728461636,0.008715506068333507,694,6674
isolated,8,13,1,3,6,"92,93,98,99,100,103",0.10063197216486557,0.014905155237603442,465,4159
isolated,8,14,0,3,5,"92,93,98,99,103",0.11341125415115857,0.009012203657885456,726,6422
isolated,8,14,1,3,5,"92,93,98,99,103",0.1043201103806541,0.01208985732924711,442,4127
isolated,8,15,0,3,6,"92,93,98,99,100,103",0.10176741036589104,0.008565485502304028,810,7994
isolated,8,15,1,3,6,"92,93,98,99,100,103",0.09837407541879871,0.0063939834914365605,490,4907
isolated,8,16,0,3,6,"92,93,98,99,100,103",0.09833157709705526,0.007886770893295472,786,8104
isolated,8,16,1,3,6,"92,93,98,99,100,103",0.09979042913207349,0.007908545726705123,494,4934
isolated,8,17,0,3,6,"92,93,98,99,100,103",0.0877495564411346,0.005505265503100616,674,7778
isolated,8,17,1,3,6,"92,93,98,99,100,103",0.09125607607879134,0.0047556404134225395,427,4681
isolated,8,18,0,3,6,"92,93,98,99,100,103",0.08704182330512257,0.007760240130708248,638,7474
isolated,8,18,1,3,6,"92,93,98,99,100,103",0.09181620145178176,0.004392185361645482,420,4577
isolated,8,19,0,3,6,"92,93,98,99,100,103",0.08155109823528948,0.008964543978675112,545,7016
isolated,8,19,1,3,6,"92,93,98,99,100,103",0.08879641132708144,0.006047106222902,389,4327
isolated,8,20,0,3,4,"93,99,100,103",0.08035983345249964,0.008705956030170185,448,5613
isolated,8,20,1,3,6,"92,93,98,99,100,103",0.09834787849594127,0.009069895776935654,447,4526
isolated,8,21,0,3,6,"92,93,98,99,100,103",0.09243044667504778,0.010690714813753764,654,7418
isolated,8,21,1,3,6,"92,93,98,99,100,103",0.09343796627719557,0.009192061239314058,433,4571
isolated,8,22,0,3,6,"92,93,98,99,100,103",0.09141597323955852,0.012376447223798982,726,7969
isolated,8,22,1,3,6,"92,93,98,99,100,103",0.09297106471772708,0.008730596919707184,468,4928
isolated,8,23,0,3,6,"92,93,98,99,100,103",0.09030147227950465,0.013660517600953832,716,7988
isolated,8,23,1,3,6,"92,93,98,99,100,103",0.09752492335473234,0.008538415994308404,486,4897
isolated,8,24,0,3,6,"92,93,98,99,100,103",0.09388166064478125,0.014047014937774148,743,7883
isolated,8,24,1,3,6,"92,93,98,99,100,103",0.10102259730702022,0.007949218305177067,475,4651
isolated,8,25,0,3,6,"92,93,98,99,100,103",0.09384236261381708,0.012477878343507023,707,7366
isolated,8,25,1,3,6,"92,93,98,99,100,103",0.09954204718610497,0.009134535250235802,449,4472
isolated,8,26,0,3,5,"92,93,98,100,103",0.10022324826224957,0.010268169991849128,550,5524
isolated,8,26,1,3,5,"92,93,98,100,103",0.09684809185179932,0.0067329221811782795,339,3480
isolated,8,27,0,3,4,"92,93,100,103",0.087515759937666,0.011999654060455348,385,4337
isolated,8,27,1,3,4,"92,93,100,103",0.09430720182903385,0.009036055680470808,232,2498
isolated,8,28,0,3,3,"92,100,103",0.08936854755137262,0.021002386766854918,293,3304
isolated,8,28,1,3,2,"92,100",0.08643646183825511,0.0021303658590073743,120,1392
isolated,8,29,0,3,2,"92,100",0.05806299537405345,0.011149415127139862,96,1648
isolated,8,29,1,3,2,"92,100",0.07342960736310392,0.007855836871300627,75,1017
previous_abort,7,-35,0,3,1,92,0.07692307692307693,,6,78
previous_abort,7,-35,1,3,1,92,0.08064516129032258,,5,62
previous_abort,7,-34,0,3,1,92,0.07563025210084033,,9,119
previous_abort,7,-34,1,3,1,92,0.13131313131313133,,13,99
previous_abort,7,-33,0,3,1,92,0.07142857142857142,,8,112
previous_abort,7,-33,1,3,1,92,0.13131313131313133,,13,99
previous_abort,7,-32,0,3,1,92,0.05660377358490566,,6,106
previous_abort,7,-32,1,3,1,92,0.1276595744680851,,12,94
previous_abort,7,-31,0,3,1,92,0.06666666666666667,,7,105
previous_abort,7,-31,1,3,1,92,0.08641975308641975,,7,81
previous_abort,7,-30,0,3,1,92,0.09016393442622951,,11,122
previous_abort,7,-30,1,3,1,92,0.13580246913580246,,11,81
previous_abort,7,-29,0,3,1,92,0.11842105263157894,,18,152
previous_abort,7,-29,1,3,1,92,0.15315315315315314,,17,111
previous_abort,7,-28,0,3,1,92,0.11578947368421053,,22,190
previous_abort,7,-28,1,3,1,92,0.15753424657534246,,23,146
previous_abort,7,-27,0,3,3,"92,93,103",0.22584188921810863,0.047478697307904785,99,471
previous_abort,7,-27,1,3,3,"92,93,103",0.24632975885804798,0.05819679572435742,95,396
previous_abort,7,-26,0,3,3,"92,93,103",0.19202446388009617,0.03197762500688774,109,578
previous_abort,7,-26,1,3,3,"92,93,103",0.23499234165527558,0.054586626005953744,122,502
previous_abort,7,-25,0,3,3,"92,93,103",0.1858254738388164,0.027912650681156167,99,541
previous_abort,7,-25,1,3,3,"92,93,103",0.2204911358482787,0.05143352174980254,103,448
previous_abort,7,-24,0,3,3,"92,93,103",0.1584293413542108,0.024271920126492458,72,469
previous_abort,7,-24,1,3,3,"92,93,103",0.18852147029579916,0.03838347130277571,80,421
previous_abort,7,-23,0,3,3,"92,93,103",0.16477414383173547,0.03095294586969274,76,477
previous_abort,7,-23,1,3,3,"92,93,103",0.1614426702389566,0.03393098581636317,70,427
previous_abort,7,-22,0,3,3,"92,93,103",0.16133394974756368,0.023377753395695006,82,514
previous_abort,7,-22,1,3,3,"92,93,103",0.16743748769160008,0.03142663541172405,80,484
previous_abort,7,-21,0,3,3,"92,93,103",0.1531003710803933,0.026142737518171897,91,581
previous_abort,7,-21,1,3,3,"92,93,103",0.1704728132387707,0.038921469175259155,92,523
previous_abort,7,-20,0,3,4,"92,93,98,103",0.16800122081854474,0.011561544227864755,121,718
previous_abort,7,-20,1,3,4,"92,93,98,103",0.18488750318616787,0.03290355631821251,114,616
previous_abort,7,-19,0,3,5,"92,93,98,99,103",0.17634021879892076,0.015254625573469056,184,1031
previous_abort,7,-19,1,3,5,"92,93,98,99,103",0.19619212759475,0.03314992020412991,158,794
previous_abort,7,-18,0,3,5,"92,93,98,99,103",0.17286636036762038,0.010948307425230161,184,1051
previous_abort,7,-18,1,3,5,"92,93,98,99,103",0.18319703760221195,0.02779336103083957,148,760
previous_abort,7,-17,0,3,5,"92,93,98,99,103",0.17327012212186393,0.015155881028618968,178,997
previous_abort,7,-17,1,3,5,"92,93,98,99,103",0.18061099032130284,0.019321889252036227,139,743
previous_abort,7,-16,0,3,5,"92,93,98,99,103",0.16385458090717417,0.02232352187385903,139,826
previous_abort,7,-16,1,3,5,"92,93,98,99,103",0.18538422690384965,0.02186622189057241,125,653
previous_abort,7,-15,0,3,6,"92,93,98,99,100,103",0.20047046268841154,0.014923889460443056,239,1191
previous_abort,7,-15,1,3,6,"92,93,98,99,100,103",0.22089238981518436,0.0294926672028439,219,932
previous_abort,7,-14,0,3,6,"92,93,98,99,100,103",0.1962027549921883,0.016365337731595403,261,1296
previous_abort,7,-14,1,3,6,"92,93,98,99,100,103",0.24811687054479858,0.04422458862311044,279,1026
previous_abort,7,-13,0,3,6,"92,93,98,99,100,103",0.18012395293467154,0.013911088009873271,241,1306
previous_abort,7,-13,1,3,6,"92,93,98,99,100,103",0.23796272083217962,0.04440213811085279,279,1060
previous_abort,7,-12,0,3,6,"92,93,98,99,100,103",0.1412746503231732,0.015644877434372487,161,1078
previous_abort,7,-12,1,3,6,"92,93,98,99,100,103",0.20011615895881266,0.0364718022062685,209,916
previous_abort,7,-11,0,3,6,"92,93,98,99,100,103",0.1387612136767473,0.010537525673278186,142,997
previous_abort,7,-11,1,3,6,"92,93,98,99,100,103",0.1785870283462073,0.026239681118831112,155,803
previous_abort,7,-10,0,3,6,"92,93,98,99,100,103",0.16342705055661447,0.012042738602676122,174,1051
previous_abort,7,-10,1,3,6,"92,93,98,99,100,103",0.17083896636052884,0.028795987073220605,154,824
previous_abort,7,-9,0,3,6,"92,93,98,99,100,103",0.18005985824316248,0.015473892464827789,219,1194
previous_abort,7,-9,1,3,6,"92,93,98,99,100,103",0.20133897101416287,0.02575538220476285,192,925
previous_abort,7,-8,0,3,6,"92,93,98,99,100,103",0.19528104862228757,0.016059438741709817,267,1339
previous_abort,7,-8,1,3,6,"92,93,98,99,100,103",0.21253793035323335,0.026592731829699807,235,1063
previous_abort,7,-7,0,3,6,"92,93,98,99,100,103",0.1859509702900195,0.016547950050794152,260,1356
previous_abort,7,-7,1,3,6,"92,93,98,99,100,103",0.23641404376649355,0.026310288820656273,273,1134
previous_abort,7,-6,0,3,6,"92,93,98,99,100,103",0.16311606432575232,0.016081079893294797,208,1231
previous_abort,7,-6,1,3,6,"92,93,98,99,100,103",0.22701695148910195,0.026897227778030528,246,1028
previous_abort,7,-5,0,3,6,"92,93,98,99,100,103",0.1361844402850864,0.018068449899574526,162,1109
previous_abort,7,-5,1,3,6,"92,93,98,99,100,103",0.2239082636129659,0.026718911499765095,224,933
previous_abort,7,-4,0,3,6,"92,93,98,99,100,103",0.14387388436714107,0.014160987106101704,167,1136
previous_abort,7,-4,1,3,6,"92,93,98,99,100,103",0.2334965685619512,0.01584995067191209,220,910
previous_abort,7,-3,0,3,6,"92,93,98,99,100,103",0.1655628671153436,0.010536901369401238,187,1118
previous_abort,7,-3,1,3,6,"92,93,98,99,100,103",0.21425710934815853,0.017997420213277028,208,938
previous_abort,7,-2,0,3,6,"92,93,98,99,100,103",0.15631378310361976,0.010862355355944384,166,1064
previous_abort,7,-2,1,3,6,"92,93,98,99,100,103",0.19144402737489477,0.008834858402802374,171,890
previous_abort,7,-1,0,3,6,"92,93,98,99,100,103",0.14275891808924787,0.014869561945648823,94,653
previous_abort,7,-1,1,3,6,"92,93,98,99,100,103",0.16301280049138414,0.013343688518094343,93,558
previous_abort,8,0,0,3,6,"92,93,98,99,100,103",0.12521380580204108,0.012413566529757445,56,443
previous_abort,8,0,1,3,6,"92,93,98,99,100,103",0.20188675318151253,0.023228749391205814,150,710
previous_abort,8,1,0,3,6,"92,93,98,99,100,103",0.1300477966214735,0.006537919369526461,89,672
previous_abort,8,1,1,3,6,"92,93,98,99,100,103",0.21846878705056386,0.018339752018495668,256,1154
previous_abort,8,2,0,3,6,"92,93,98,99,100,103",0.15351738025485429,0.008968661028245005,94,598
previous_abort,8,2,1,3,6,"92,93,98,99,100,103",0.22213412344888997,0.01730490977477894,253,1114
previous_abort,8,3,0,3,5,"93,98,99,100,103",0.1550046105970488,0.02146770232580865,80,506
previous_abort,8,3,1,3,5,"93,98,99,100,103",0.22158980433786857,0.024409076306263103,232,1016
previous_abort,8,4,0,3,5,"93,98,99,100,103",0.15594798988482522,0.030790978191668383,93,574
previous_abort,8,4,1,3,5,"93,98,99,100,103",0.22661055796558313,0.03271870790149158,272,1123
previous_abort,8,5,0,3,5,"93,98,99,100,103",0.1328078130844508,0.02466922427999951,76,565
previous_abort,8,5,1,3,5,"93,98,99,100,103",0.22588356347323807,0.028737851837994415,277,1152
previous_abort,8,6,0,3,6,"92,93,98,99,100,103",0.1395405840278647,0.01956894167781742,95,673
previous_abort,8,6,1,3,6,"92,93,98,99,100,103",0.2071299220394951,0.03187682485009769,308,1318
previous_abort,8,7,0,3,6,"92,93,98,99,100,103",0.13706446269073644,0.016324469692054016,90,661
previous_abort,8,7,1,3,6,"92,93,98,99,100,103",0.19928336393928447,0.030539598560606476,289,1276
previous_abort,8,8,0,3,6,"92,93,98,99,100,103",0.1327991278325484,0.015051482784950781,96,730
previous_abort,8,8,1,3,6,"92,93,98,99,100,103",0.21973990571333557,0.030265227166028297,341,1389
previous_abort,8,9,0,3,6,"92,93,98,99,100,103",0.1486071002801608,0.022029360685116017,110,744
previous_abort,8,9,1,3,6,"92,93,98,99,100,103",0.2306434920296683,0.019133469298965,332,1362
previous_abort,8,10,0,3,6,"92,93,98,99,100,103",0.14492599293776867,0.01714530696265178,102,696
previous_abort,8,10,1,3,6,"92,93,98,99,100,103",0.22309603603047337,0.02152467873092749,292,1259
previous_abort,8,11,0,3,5,"93,98,99,100,103",0.14144396666135797,0.0195022804682884,83,581
previous_abort,8,11,1,3,5,"93,98,99,100,103",0.19460978485116417,0.0346496222106521,209,1023
previous_abort,8,12,0,3,5,"93,98,99,100,103",0.14092798631662137,0.01584042842195355,87,616
previous_abort,8,12,1,3,5,"93,98,99,100,103",0.19701049878402555,0.03708052283309571,231,1086
previous_abort,8,13,0,3,6,"92,93,98,99,100,103",0.12905077302492485,0.030821957933323305,105,703
previous_abort,8,13,1,3,6,"92,93,98,99,100,103",0.17969897926006476,0.033953363248251635,262,1193
previous_abort,8,14,0,3,5,"92,93,98,99,103",0.14556721105487816,0.030149153112507078,119,740
previous_abort,8,14,1,3,5,"92,93,98,99,103",0.22875237923113473,0.0276349699001934,318,1292
previous_abort,8,15,0,3,6,"92,93,98,99,100,103",0.1517717835845149,0.023524483888288795,132,823
previous_abort,8,15,1,3,6,"92,93,98,99,100,103",0.2176373885005495,0.02721147090209097,327,1384
previous_abort,8,16,0,3,6,"92,93,98,99,100,103",0.15612278073736832,0.018098402458053775,128,800
previous_abort,8,16,1,3,6,"92,93,98,99,100,103",0.22195170985636406,0.021314047039660305,310,1352
previous_abort,8,17,0,3,6,"92,93,98,99,100,103",0.14611079994687484,0.01912229094800524,96,660
previous_abort,8,17,1,3,6,"92,93,98,99,100,103",0.2077188305904137,0.01928914819243403,237,1116
previous_abort,8,18,0,3,6,"92,93,98,99,100,103",0.14474520705655133,0.02242207420390613,93,627
previous_abort,8,18,1,3,6,"92,93,98,99,100,103",0.1984747495100457,0.01774005959447589,219,1079
previous_abort,8,19,0,3,6,"92,93,98,99,100,103",0.13999590404274267,0.028900945941936942,72,530
previous_abort,8,19,1,3,6,"92,93,98,99,100,103",0.17956418844934693,0.016247536900674577,182,963
previous_abort,8,20,0,3,4,"93,99,100,103",0.12085713298385083,0.01561959601986427,52,425
previous_abort,8,20,1,3,5,"92,93,99,100,103",0.16139520707866595,0.022047023143258557,152,866
previous_abort,8,21,0,3,6,"92,93,98,99,100,103",0.12218053770589121,0.023603851206830406,81,616
previous_abort,8,21,1,3,6,"92,93,98,99,100,103",0.1898986232279152,0.022130062458765178,231,1138
previous_abort,8,22,0,3,6,"92,93,98,99,100,103",0.11765273885470495,0.020525529776472425,87,671
previous_abort,8,22,1,3,6,"92,93,98,99,100,103",0.1801938178996815,0.029306375860173022,254,1247
previous_abort,8,23,0,3,6,"92,93,98,99,100,103",0.13341117782972065,0.024761668290781788,100,683
previous_abort,8,23,1,3,6,"92,93,98,99,100,103",0.1842076525305164,0.02467724169826127,269,1307
previous_abort,8,24,0,3,6,"92,93,98,99,100,103",0.16845666757398706,0.022898912544138193,146,787
previous_abort,8,24,1,3,6,"92,93,98,99,100,103",0.17980406033574295,0.02852013189483008,259,1257
previous_abort,8,25,0,3,6,"92,93,98,99,100,103",0.17297034350485693,0.02236965270269947,149,768
previous_abort,8,25,1,3,6,"92,93,98,99,100,103",0.1940565263947579,0.02635328759015779,266,1232
previous_abort,8,26,0,3,5,"92,93,98,100,103",0.17183790372405147,0.022367147647328202,107,590
previous_abort,8,26,1,3,5,"92,93,98,100,103",0.21245176165029805,0.02149476109614699,206,944
previous_abort,8,27,0,3,4,"92,93,100,103",0.13019315022327071,0.016197151157781416,56,434
previous_abort,8,27,1,3,4,"92,93,100,103",0.1707869267193225,0.037961541987395306,111,606
previous_abort,8,28,0,3,3,"92,100,103",0.12431334622823985,0.028284912768249702,46,349
previous_abort,8,28,1,3,2,"92,100",0.12855645402815213,0.04125486672656484,38,285
previous_abort,8,29,0,3,2,"92,100",0.12171899125064334,0.08723623262995367,15,96
previous_abort,8,29,1,3,2,"92,100",0.12365831842576028,0.02750447227191412,23,190
previous_same_LED_abort,7,-35,0,3,1,92,0.07692307692307693,,6,78
previous_same_LED_abort,7,-35,1,3,1,92,0.09090909090909091,,5,55
previous_same_LED_abort,7,-34,0,3,1,92,0.07563025210084033,,9,119
previous_same_LED_abort,7,-34,1,3,1,92,0.13095238095238096,,11,84
previous_same_LED_abort,7,-33,0,3,1,92,0.07142857142857142,,8,112
previous_same_LED_abort,7,-33,1,3,1,92,0.13253012048192772,,11,83
previous_same_LED_abort,7,-32,0,3,1,92,0.05660377358490566,,6,106
previous_same_LED_abort,7,-32,1,3,1,92,0.11392405063291139,,9,79
previous_same_LED_abort,7,-31,0,3,1,92,0.06666666666666667,,7,105
previous_same_LED_abort,7,-31,1,3,1,92,0.08333333333333333,,6,72
previous_same_LED_abort,7,-30,0,3,1,92,0.09016393442622951,,11,122
previous_same_LED_abort,7,-30,1,3,1,92,0.12162162162162163,,9,74
previous_same_LED_abort,7,-29,0,3,1,92,0.11842105263157894,,18,152
previous_same_LED_abort,7,-29,1,3,1,92,0.16,,16,100
previous_same_LED_abort,7,-28,0,3,1,92,0.11578947368421053,,22,190
previous_same_LED_abort,7,-28,1,3,1,92,0.14615384615384616,,19,130
previous_same_LED_abort,7,-27,0,3,3,"92,93,103",0.22584188921810863,0.047478697307904785,99,471
previous_same_LED_abort,7,-27,1,3,3,"92,93,103",0.24494589084978738,0.06648443201148196,81,340
previous_same_LED_abort,7,-26,0,3,3,"92,93,103",0.19202446388009617,0.03197762500688774,109,578
previous_same_LED_abort,7,-26,1,3,3,"92,93,103",0.22926229766494047,0.06658889259604635,105,438
previous_same_LED_abort,7,-25,0,3,3,"92,93,103",0.1858254738388164,0.027912650681156167,99,541
previous_same_LED_abort,7,-25,1,3,3,"92,93,103",0.21939062967954479,0.05834305068980984,91,392
previous_same_LED_abort,7,-24,0,3,3,"92,93,103",0.1584293413542108,0.024271920126492458,72,469
previous_same_LED_abort,7,-24,1,3,3,"92,93,103",0.18962842712842712,0.03492036938798072,70,364
previous_same_LED_abort,7,-23,0,3,3,"92,93,103",0.16477414383173547,0.03095294586969274,76,477
previous_same_LED_abort,7,-23,1,3,3,"92,93,103",0.1611091368554055,0.03512174404739094,59,356
previous_same_LED_abort,7,-22,0,3,3,"92,93,103",0.16133394974756368,0.023377753395695006,82,514
previous_same_LED_abort,7,-22,1,3,3,"92,93,103",0.168712000774942,0.024640163719744656,67,399
previous_same_LED_abort,7,-21,0,3,3,"92,93,103",0.1531003710803933,0.026142737518171897,91,581
previous_same_LED_abort,7,-21,1,3,3,"92,93,103",0.17529959554970456,0.03437242231084844,78,432
previous_same_LED_abort,7,-20,0,3,4,"92,93,98,103",0.16800122081854474,0.011561544227864755,121,718
previous_same_LED_abort,7,-20,1,3,4,"92,93,98,103",0.18046293427676652,0.028424365475808313,94,509
previous_same_LED_abort,7,-19,0,3,5,"92,93,98,99,103",0.17634021879892076,0.015254625573469056,184,1031
previous_same_LED_abort,7,-19,1,3,5,"92,93,98,99,103",0.20072906812735108,0.037533322580211546,137,661
previous_same_LED_abort,7,-18,0,3,5,"92,93,98,99,103",0.17286636036762038,0.010948307425230161,184,1051
previous_same_LED_abort,7,-18,1,3,5,"92,93,98,99,103",0.1863179408420384,0.03353553875944483,129,635
previous_same_LED_abort,7,-17,0,3,5,"92,93,98,99,103",0.17327012212186393,0.015155881028618968,178,997
previous_same_LED_abort,7,-17,1,3,5,"92,93,98,99,103",0.18573227460299782,0.024629906393592877,122,626
previous_same_LED_abort,7,-16,0,3,5,"92,93,98,99,103",0.16385458090717417,0.02232352187385903,139,826
previous_same_LED_abort,7,-16,1,3,5,"92,93,98,99,103",0.1858367252735754,0.02297741907646901,107,554
previous_same_LED_abort,7,-15,0,3,6,"92,93,98,99,100,103",0.20047046268841154,0.014923889460443056,239,1191
previous_same_LED_abort,7,-15,1,3,6,"92,93,98,99,100,103",0.22450112616113035,0.03116704449220445,190,787
previous_same_LED_abort,7,-14,0,3,6,"92,93,98,99,100,103",0.1962027549921883,0.016365337731595403,261,1296
previous_same_LED_abort,7,-14,1,3,6,"92,93,98,99,100,103",0.2435028614847615,0.043675888966068076,236,874
previous_same_LED_abort,7,-13,0,3,6,"92,93,98,99,100,103",0.18012395293467154,0.013911088009873271,241,1306
previous_same_LED_abort,7,-13,1,3,6,"92,93,98,99,100,103",0.2279680957224359,0.046361991904850325,235,913
previous_same_LED_abort,7,-12,0,3,6,"92,93,98,99,100,103",0.1412746503231732,0.015644877434372487,161,1078
previous_same_LED_abort,7,-12,1,3,6,"92,93,98,99,100,103",0.190981937591336,0.03627696655698124,174,792
previous_same_LED_abort,7,-11,0,3,6,"92,93,98,99,100,103",0.1387612136767473,0.010537525673278186,142,997
previous_same_LED_abort,7,-11,1,3,6,"92,93,98,99,100,103",0.183759493567219,0.027699051470575164,136,681
previous_same_LED_abort,7,-10,0,3,6,"92,93,98,99,100,103",0.16342705055661447,0.012042738602676122,174,1051
previous_same_LED_abort,7,-10,1,3,6,"92,93,98,99,100,103",0.17749162654183945,0.029135536864790142,136,696
previous_same_LED_abort,7,-9,0,3,6,"92,93,98,99,100,103",0.18005985824316248,0.015473892464827789,219,1194
previous_same_LED_abort,7,-9,1,3,6,"92,93,98,99,100,103",0.20476096065355467,0.02714376945822084,172,806
previous_same_LED_abort,7,-8,0,3,6,"92,93,98,99,100,103",0.19528104862228757,0.016059438741709817,267,1339
previous_same_LED_abort,7,-8,1,3,6,"92,93,98,99,100,103",0.21015092344035421,0.02847714860437511,208,937
previous_same_LED_abort,7,-7,0,3,6,"92,93,98,99,100,103",0.1859509702900195,0.016547950050794152,260,1356
previous_same_LED_abort,7,-7,1,3,6,"92,93,98,99,100,103",0.24233261725014774,0.02653169619398447,248,1003
previous_same_LED_abort,7,-6,0,3,6,"92,93,98,99,100,103",0.16311606432575232,0.016081079893294797,208,1231
previous_same_LED_abort,7,-6,1,3,6,"92,93,98,99,100,103",0.23901529170060135,0.027124493116174604,226,906
previous_same_LED_abort,7,-5,0,3,6,"92,93,98,99,100,103",0.1361844402850864,0.018068449899574526,162,1109
previous_same_LED_abort,7,-5,1,3,6,"92,93,98,99,100,103",0.23348090807110558,0.025952385472127953,205,829
previous_same_LED_abort,7,-4,0,3,6,"92,93,98,99,100,103",0.14387388436714107,0.014160987106101704,167,1136
previous_same_LED_abort,7,-4,1,3,6,"92,93,98,99,100,103",0.22559928140686236,0.015517021502225756,189,806
previous_same_LED_abort,7,-3,0,3,6,"92,93,98,99,100,103",0.1655628671153436,0.010536901369401238,187,1118
previous_same_LED_abort,7,-3,1,3,6,"92,93,98,99,100,103",0.20169968733224608,0.019013597183773462,172,818
previous_same_LED_abort,7,-2,0,3,6,"92,93,98,99,100,103",0.15631378310361976,0.010862355355944384,166,1064
previous_same_LED_abort,7,-2,1,3,6,"92,93,98,99,100,103",0.18208960549827177,0.008876954191380328,142,775
previous_same_LED_abort,7,-1,0,3,6,"92,93,98,99,100,103",0.14275891808924787,0.014869561945648823,94,653
previous_same_LED_abort,7,-1,1,3,6,"92,93,98,99,100,103",0.16031668241345662,0.014487633522524863,80,487
previous_same_LED_abort,8,0,0,3,6,"92,93,98,99,100,103",0.12521380580204108,0.012413566529757445,56,443
previous_same_LED_abort,8,0,1,3,6,"92,93,98,99,100,103",0.21350393014133137,0.022696806483897818,121,537
previous_same_LED_abort,8,1,0,3,6,"92,93,98,99,100,103",0.1300477966214735,0.006537919369526461,89,672
previous_same_LED_abort,8,1,1,3,6,"92,93,98,99,100,103",0.2181009431952763,0.023827277364949228,197,868
previous_same_LED_abort,8,2,0,3,6,"92,93,98,99,100,103",0.15351738025485429,0.008968661028245005,94,598
previous_same_LED_abort,8,2,1,3,6,"92,93,98,99,100,103",0.2214523636880342,0.02276635143614767,197,841
previous_same_LED_abort,8,3,0,3,5,"93,98,99,100,103",0.1550046105970488,0.02146770232580865,80,506
previous_same_LED_abort,8,3,1,3,5,"93,98,99,100,103",0.22472135650294306,0.02051249343323677,182,780
previous_same_LED_abort,8,4,0,3,5,"93,98,99,100,103",0.15594798988482522,0.030790978191668383,93,574
previous_same_LED_abort,8,4,1,3,5,"93,98,99,100,103",0.22383084533985048,0.029323714320932063,202,850
previous_same_LED_abort,8,5,0,3,5,"93,98,99,100,103",0.1328078130844508,0.02466922427999951,76,565
previous_same_LED_abort,8,5,1,3,5,"93,98,99,100,103",0.22492213914948328,0.027580970965776996,209,877
previous_same_LED_abort,8,6,0,3,6,"92,93,98,99,100,103",0.1395405840278647,0.01956894167781742,95,673
previous_same_LED_abort,8,6,1,3,6,"92,93,98,99,100,103",0.2059997041300842,0.03130052907320123,235,1003
previous_same_LED_abort,8,7,0,3,6,"92,93,98,99,100,103",0.13706446269073644,0.016324469692054016,90,661
previous_same_LED_abort,8,7,1,3,6,"92,93,98,99,100,103",0.21051900163862966,0.03198195535699394,241,995
previous_same_LED_abort,8,8,0,3,6,"92,93,98,99,100,103",0.1327991278325484,0.015051482784950781,96,730
previous_same_LED_abort,8,8,1,3,6,"92,93,98,99,100,103",0.23479902298154506,0.02616488971545865,282,1091
previous_same_LED_abort,8,9,0,3,6,"92,93,98,99,100,103",0.1486071002801608,0.022029360685116017,110,744
previous_same_LED_abort,8,9,1,3,6,"92,93,98,99,100,103",0.25124951755903757,0.017570343796721524,275,1041
previous_same_LED_abort,8,10,0,3,6,"92,93,98,99,100,103",0.14492599293776867,0.01714530696265178,102,696
previous_same_LED_abort,8,10,1,3,6,"92,93,98,99,100,103",0.24301261503958718,0.020217699104605982,234,933
previous_same_LED_abort,8,11,0,3,5,"93,98,99,100,103",0.14144396666135797,0.0195022804682884,83,581
previous_same_LED_abort,8,11,1,3,5,"93,98,99,100,103",0.2019205538772734,0.03773956825843875,164,764
previous_same_LED_abort,8,12,0,3,5,"93,98,99,100,103",0.14092798631662137,0.01584042842195355,87,616
previous_same_LED_abort,8,12,1,3,5,"93,98,99,100,103",0.19776463067603195,0.04487539516149442,180,831
previous_same_LED_abort,8,13,0,3,6,"92,93,98,99,100,103",0.12905077302492485,0.030821957933323305,105,703
previous_same_LED_abort,8,13,1,3,6,"92,93,98,99,100,103",0.18748864032170973,0.034208193786742086,212,926
previous_same_LED_abort,8,14,0,3,5,"92,93,98,99,103",0.14556721105487816,0.030149153112507078,119,740
previous_same_LED_abort,8,14,1,3,5,"92,93,98,99,103",0.23375674878444003,0.029238404716856802,251,991
previous_same_LED_abort,8,15,0,3,6,"92,93,98,99,100,103",0.1517717835845149,0.023524483888288795,132,823
previous_same_LED_abort,8,15,1,3,6,"92,93,98,99,100,103",0.22075162354147862,0.027003991989818656,252,1046
previous_same_LED_abort,8,16,0,3,6,"92,93,98,99,100,103",0.15612278073736832,0.018098402458053775,128,800
previous_same_LED_abort,8,16,1,3,6,"92,93,98,99,100,103",0.2189546284739454,0.02082060310277951,231,1018
previous_same_LED_abort,8,17,0,3,6,"92,93,98,99,100,103",0.14611079994687484,0.01912229094800524,96,660
previous_same_LED_abort,8,17,1,3,6,"92,93,98,99,100,103",0.2120403709765412,0.018410263076828918,185,846
previous_same_LED_abort,8,18,0,3,6,"92,93,98,99,100,103",0.14474520705655133,0.02242207420390613,93,627
previous_same_LED_abort,8,18,1,3,6,"92,93,98,99,100,103",0.20399017501169023,0.019175646659977702,172,823
previous_same_LED_abort,8,19,0,3,6,"92,93,98,99,100,103",0.13999590404274267,0.028900945941936942,72,530
previous_same_LED_abort,8,19,1,3,6,"92,93,98,99,100,103",0.18526356700688737,0.015408047010537917,146,747
previous_same_LED_abort,8,20,0,3,4,"93,99,100,103",0.12085713298385083,0.01561959601986427,52,425
previous_same_LED_abort,8,20,1,3,5,"92,93,99,100,103",0.17595930578424596,0.018335189807268986,125,665
previous_same_LED_abort,8,21,0,3,6,"92,93,98,99,100,103",0.12218053770589121,0.023603851206830406,81,616
previous_same_LED_abort,8,21,1,3,6,"92,93,98,99,100,103",0.19902613177347786,0.01784397213399451,181,858
previous_same_LED_abort,8,22,0,3,6,"92,93,98,99,100,103",0.11765273885470495,0.020525529776472425,87,671
previous_same_LED_abort,8,22,1,3,6,"92,93,98,99,100,103",0.18618691200090517,0.027453901946710102,195,925
previous_same_LED_abort,8,23,0,3,6,"92,93,98,99,100,103",0.13341117782972065,0.024761668290781788,100,683
previous_same_LED_abort,8,23,1,3,6,"92,93,98,99,100,103",0.18409330431350568,0.02443127833413023,200,963
previous_same_LED_abort,8,24,0,3,6,"92,93,98,99,100,103",0.16845666757398706,0.022898912544138193,146,787
previous_same_LED_abort,8,24,1,3,6,"92,93,98,99,100,103",0.1880536797335212,0.02829457678046661,197,919
previous_same_LED_abort,8,25,0,3,6,"92,93,98,99,100,103",0.17297034350485693,0.02236965270269947,149,768
previous_same_LED_abort,8,25,1,3,6,"92,93,98,99,100,103",0.2089035042698495,0.026296095298367517,210,916
previous_same_LED_abort,8,26,0,3,5,"92,93,98,100,103",0.17183790372405147,0.022367147647328202,107,590
previous_same_LED_abort,8,26,1,3,5,"92,93,98,100,103",0.2361678898758167,0.0166253476958475,174,723
previous_same_LED_abort,8,27,0,3,4,"92,93,100,103",0.13019315022327071,0.016197151157781416,56,434
previous_same_LED_abort,8,27,1,3,4,"92,93,100,103",0.1851497569766838,0.04370187021364918,99,484
previous_same_LED_abort,8,28,0,3,3,"92,100,103",0.12431334622823985,0.028284912768249702,46,349
previous_same_LED_abort,8,28,1,3,2,"92,100",0.12002840909090909,0.05184659090909091,28,216
previous_same_LED_abort,8,29,0,3,2,"92,100",0.12171899125064334,0.08723623262995367,15,96
previous_same_LED_abort,8,29,1,3,2,"92,100",0.11462530217566479,0.03243352135374698,16,141
