session_type,relative_session,LED_trial,window_sessions,n_animals,contributing_animals,mean_first_fraction,sem_first_fraction,mean_last_fraction,sem_last_fraction,mean_isolated_fraction,sem_isolated_fraction
7,-35,0,3,1,92,0.007712082262210797,,0.007712082262210797,,0.08354755784061697,
7,-35,1,3,1,92,0.011441647597254004,,0.011441647597254004,,0.08924485125858124,
7,-34,0,3,1,92,0.008045052292839904,,0.006436041834271922,,0.08286403861625101,
7,-34,1,3,1,92,0.013333333333333334,,0.016296296296296295,,0.08296296296296296,
7,-33,0,3,1,92,0.006944444444444444,,0.005401234567901234,,0.07716049382716049,
7,-33,1,3,1,92,0.01300578034682081,,0.015895953757225433,,0.08092485549132948,
7,-32,0,3,1,92,0.006589785831960461,,0.004118616144975288,,0.07742998352553541,
7,-32,1,3,1,92,0.011400651465798045,,0.016286644951140065,,0.08631921824104234,
7,-31,0,3,1,92,0.006756756756756757,,0.0059121621621621625,,0.06841216216216216,
7,-31,1,3,1,92,0.008787346221441126,,0.01054481546572935,,0.08260105448154657,
7,-30,0,3,1,92,0.008979591836734694,,0.007346938775510204,,0.07265306122448979,
7,-30,1,3,1,92,0.01073345259391771,,0.014311270125223614,,0.07871198568872988,
7,-29,0,3,1,92,0.012364760432766615,,0.011591962905718702,,0.08732612055641421,
7,-29,1,3,1,92,0.01904761904761905,,0.020634920634920634,,0.09047619047619047,
7,-28,0,3,1,92,0.014063656550703183,,0.011102886750555145,,0.11324944485566248,
7,-28,1,3,1,92,0.021994134897360705,,0.02785923753665689,,0.1187683284457478,
7,-27,0,3,3,"92,93,103",0.02971459312763901,0.006778131901070191,0.024536263060680696,0.005715402315771178,0.10382087737560075,0.013312885042943626
7,-27,1,3,3,"92,93,103",0.035731898039555614,0.009530179521328331,0.0446704169709245,0.010895347520825488,0.09854256554486229,0.017711950786582453
7,-26,0,3,3,"92,93,103",0.02312793285034022,0.0037672069688727636,0.01874505961053395,0.003616608415308049,0.10136061634075366,0.013937953760534685
7,-26,1,3,3,"92,93,103",0.03506973563034662,0.011878371554508079,0.043144541651610226,0.01163232202615981,0.1013040646206067,0.015620946550849515
7,-25,0,3,3,"92,93,103",0.020746689668339344,0.002187503139759079,0.017720142377991188,0.002105191044026255,0.09452957919477623,0.011112223248199299
7,-25,1,3,3,"92,93,103",0.03188465403556586,0.011702770134602629,0.0377741463781854,0.011700770659130048,0.09679827480532284,0.008075939979518216
7,-24,0,3,3,"92,93,103",0.018024593982009226,0.0025882798702680085,0.0153643660957024,0.0017571156083206077,0.08707989987241654,0.013468989182839444
7,-24,1,3,3,"92,93,103",0.029184435720833523,0.007042459594092908,0.03431707216792131,0.008507983019682261,0.10128076080152916,0.0080008105293535
7,-23,0,3,3,"92,93,103",0.019582564582116917,0.003578135253391276,0.016599516518936343,0.002841604873099873,0.09264881250734953,0.013812517834089821
7,-23,1,3,3,"92,93,103",0.02445439953443539,0.0059101502678575845,0.03017857011966373,0.006715503398444647,0.10355871368805164,0.010013926341098196
7,-22,0,3,3,"92,93,103",0.020971715991499006,0.0032824201877706353,0.01764782739684214,0.0019371066792275154,0.09967267396273989,0.008790365906894467
7,-22,1,3,3,"92,93,103",0.027459014618756692,0.004208820080633406,0.03420381799619537,0.005363573773241853,0.11016131511485115,0.011524413882170232
7,-21,0,3,3,"92,93,103",0.02086460328688643,0.004994195048396091,0.017534593468862002,0.0042989349088392095,0.11258611402638935,0.0018586669204147482
7,-21,1,3,3,"92,93,103",0.028817340207916126,0.005670415299400507,0.03540249139203127,0.008167772505116267,0.11104020689418943,0.007415846691058117
7,-20,0,3,4,"92,93,98,103",0.024470659398420715,0.0026678882699160576,0.02021604411424164,0.002360576543828526,0.10695912808448463,0.006309909551181877
7,-20,1,3,4,"92,93,98,103",0.027850926170499554,0.004356534466436506,0.036075058002100736,0.006221422140539333,0.1108748420730208,0.00647961120453115
7,-19,0,3,5,"92,93,98,99,103",0.027971100249516007,0.0056929202909704255,0.024702795643860694,0.005784538683880953,0.12070437645979601,0.01458913492904392
7,-19,1,3,5,"92,93,98,99,103",0.031390669866358634,0.007609784877239206,0.03781200603917877,0.0077389119746818025,0.11163220453697664,0.00611195564150582
7,-18,0,3,5,"92,93,98,99,103",0.02413237932800513,0.0030751582502961455,0.021347454332311076,0.003238701351725497,0.11036171652114665,0.010088285325981886
7,-18,1,3,5,"92,93,98,99,103",0.026399186798672834,0.005703786232582853,0.03204114903566233,0.0054304918578734806,0.10703087124563057,0.007471529766795539
7,-17,0,3,5,"92,93,98,99,103",0.021665711592669133,0.0025551651303091587,0.019202279577240973,0.0025904993123643145,0.10286060090852442,0.007760681494083227
7,-17,1,3,5,"92,93,98,99,103",0.025590359925551844,0.004420227052212299,0.030489202426786897,0.00443325790544362,0.10352461218409421,0.00676071944535141
7,-16,0,3,5,"92,93,98,99,103",0.018903620225246838,0.00229101257598578,0.01606348788811067,0.001983886333775359,0.09388841976560283,0.007754706563642109
7,-16,1,3,5,"92,93,98,99,103",0.02282729898152883,0.003565165151344452,0.028310466072949642,0.0045612825450241186,0.0992854563616696,0.005659838451457986
7,-15,0,3,6,"92,93,98,99,100,103",0.02896727376269566,0.0029287514903190435,0.025143621218241156,0.002482004602639077,0.10898660300697709,0.0046411655663616885
7,-15,1,3,6,"92,93,98,99,100,103",0.031350154947370604,0.005376976590943801,0.03870934102568394,0.006188779428243779,0.10334451420640707,0.0024809773380905357
7,-14,0,3,6,"92,93,98,99,100,103",0.030606099223573564,0.00412388339872369,0.025189031495444866,0.0030975808602163413,0.10784140799425783,0.007613324995460988
7,-14,1,3,6,"92,93,98,99,100,103",0.03428772362044492,0.007953620590922096,0.04452536798016373,0.010214086802566608,0.09427404644842478,0.0038479412332606765
7,-13,0,3,6,"92,93,98,99,100,103",0.028584908480756722,0.004305770881695945,0.02315931021551017,0.003282578061840549,0.10772117272731645,0.008570145654627593
7,-13,1,3,6,"92,93,98,99,100,103",0.03386607988932334,0.00922458637706336,0.04380747599213499,0.011173553203491763,0.0943017700413098,0.0034595176989768387
7,-12,0,3,6,"92,93,98,99,100,103",0.020308702029437745,0.004676962284568175,0.01606838356019151,0.003417663550960204,0.09468954542799567,0.008425448724822248
7,-12,1,3,6,"92,93,98,99,100,103",0.026506899686553762,0.006815892978343087,0.03428517852257184,0.009125474068078154,0.09092554749607855,0.005410876825681912
7,-11,0,3,6,"92,93,98,99,100,103",0.01814969606413418,0.0029104151430565488,0.015841553523235546,0.002170730444274305,0.09436912051379524,0.0064842116593892656
7,-11,1,3,6,"92,93,98,99,100,103",0.023805072430738285,0.005078778981211458,0.028056559348850447,0.0060490509104752085,0.08762722136716318,0.0049502388918165685
7,-10,0,3,6,"92,93,98,99,100,103",0.020568908904695173,0.0025320361480320255,0.018438964864348574,0.001994481504995895,0.0933756293458251,0.004953262971284666
7,-10,1,3,6,"92,93,98,99,100,103",0.024609833784946356,0.005362143858096901,0.028618349688944528,0.006167768856160592,0.09278082302616729,0.004871595693069146
7,-9,0,3,6,"92,93,98,99,100,103",0.024073005453253873,0.0026688936230076293,0.021694330947496305,0.0026817249636336186,0.10001051465601608,0.006554330633444864
7,-9,1,3,6,"92,93,98,99,100,103",0.030065501767752852,0.006033780001683729,0.03469410782508788,0.006289234391021559,0.10427677797080705,0.005156462470312842
7,-8,0,3,6,"92,93,98,99,100,103",0.02745280453988727,0.0032475128267211903,0.024148401695004245,0.002950665753839199,0.10472515022509925,0.0068974812407531045
7,-8,1,3,6,"92,93,98,99,100,103",0.03407706114400253,0.00775648317474853,0.04033753637901127,0.008319224748588698,0.11485527919136568,0.010350085115753702
7,-7,0,3,6,"92,93,98,99,100,103",0.024896303793318784,0.0032763273117783643,0.02204336146028867,0.0029000155033010243,0.1041476561910154,0.0049612988420206
7,-7,1,3,6,"92,93,98,99,100,103",0.0355248638350081,0.005886590875191799,0.04081511242941362,0.006563747254908989,0.10675453015505476,0.012050663946795057
7,-6,0,3,6,"92,93,98,99,100,103",0.020171513199221582,0.0030469637005973893,0.01795276926075964,0.002398765616988435,0.09787511522818944,0.004821266933080529
7,-6,1,3,6,"92,93,98,99,100,103",0.03224213178726015,0.005311961688475712,0.03648624138024962,0.006546072368116382,0.09425204078813927,0.012497718123426264
7,-5,0,3,6,"92,93,98,99,100,103",0.01673966230337421,0.0033805321514157475,0.014709926234799707,0.0027532296417848053,0.09327026304358045,0.00826474161482012
7,-5,1,3,6,"92,93,98,99,100,103",0.029094336440433317,0.004448574021188795,0.033123389038435126,0.005442939358290895,0.08692427075129054,0.009488241363372646
7,-4,0,3,6,"92,93,98,99,100,103",0.018266475153654173,0.0024575032880597906,0.014885067548538385,0.002201069977998124,0.0911981265614943,0.006260246173101917
7,-4,1,3,6,"92,93,98,99,100,103",0.028046519040218456,0.003888487509507446,0.034793372204398806,0.004159179655769779,0.0870609013948308,0.007780478901496468
7,-3,0,3,6,"92,93,98,99,100,103",0.02040163490996554,0.0017311021966329972,0.016482406143659752,0.001298983266317293,0.08794007453389029,0.005975461606677937
7,-3,1,3,6,"92,93,98,99,100,103",0.026729505807131723,0.0034369829547908556,0.03455461125538805,0.003679021243131323,0.09598551983396808,0.007649469254215892
7,-2,0,3,6,"92,93,98,99,100,103",0.017845327978399574,0.0012363619328442388,0.014746893589152571,0.000981798894879296,0.0837656396543185,0.004950598276221423
7,-2,1,3,6,"92,93,98,99,100,103",0.023519961616120674,0.0016726117227384104,0.029750311537697898,0.0016477817970436833,0.09756759843112665,0.007357239317793634
7,-1,0,3,6,"92,93,98,99,100,103",0.015986775545506492,0.0019056883576839007,0.01385379588084649,0.0017601186988547447,0.08168321903109617,0.006089993346131724
7,-1,1,3,6,"92,93,98,99,100,103",0.02048406503546325,0.002070127367563394,0.02479786602533039,0.00219838310416875,0.10085006325822465,0.008864837568413731
8,0,0,3,6,"92,93,98,99,100,103",0.015627271129206127,0.00195459733342616,0.009923825066940074,0.00117067126135665,0.08668327382940005,0.005190244899273834
8,0,1,3,6,"92,93,98,99,100,103",0.027166966542698276,0.003904128064996393,0.03642752245172775,0.00496282389697661,0.07318304829024057,0.005491685183967609
8,1,0,3,6,"92,93,98,99,100,103",0.017877316674793014,0.0002579959881768131,0.00979278795676593,0.001053272465678587,0.08874645374629321,0.005990666634058335
8,1,1,3,6,"92,93,98,99,100,103",0.028400827726414845,0.0030815207981265973,0.04130684323143805,0.002830251422989102,0.08362850886635935,0.004029122883665864
8,2,0,3,6,"92,93,98,99,100,103",0.018808175539795743,0.00136136067111051,0.010335040196396583,0.0012582525254380696,0.08147980103911008,0.006210053827716732
8,2,1,3,6,"92,93,98,99,100,103",0.028048270340084877,0.0036898160048513557,0.041365597021262496,0.00317959778230351,0.08212097509403729,0.005222265418275492
8,3,0,3,5,"93,98,99,100,103",0.017227112760790416,0.002496389262976175,0.00942521954971565,0.0018126841876770945,0.07415351016555102,0.004701755221512837
8,3,1,3,5,"93,98,99,100,103",0.029206606904813314,0.003432247878800146,0.04159008399678189,0.005108514870585708,0.08774528982904731,0.0031255173853269704
8,4,0,3,5,"93,98,99,100,103",0.01929179308479428,0.004179892534332652,0.009685108015455851,0.0018575420337725867,0.07899044159991242,0.0021153514008093073
8,4,1,3,5,"93,98,99,100,103",0.030322560048693586,0.004859498810857306,0.04582424804617089,0.00815181336029567,0.08866250820410153,0.006700988367125372
8,5,0,3,5,"93,98,99,100,103",0.017113012963806358,0.003869814732581187,0.007956347733533044,0.0016713279330055337,0.08225452874481319,0.007678750845221144
8,5,1,3,5,"93,98,99,100,103",0.031842303918349954,0.005632728003654087,0.04660766686178126,0.008501441713465497,0.0901998391777046,0.009672957524849327
8,6,0,3,6,"92,93,98,99,100,103",0.01805992357387043,0.00362121245795455,0.009335717368952902,0.002000321664480748,0.08763512813123632,0.009380240082833478
8,6,1,3,6,"92,93,98,99,100,103",0.029886650650543415,0.007371783380721377,0.0438043139733788,0.009907395565891467,0.09365860285997811,0.010505545085275137
8,7,0,3,6,"92,93,98,99,100,103",0.01570472208729408,0.003477223823233823,0.009672611924869665,0.00192762460553195,0.08624004983047263,0.011290611618330714
8,7,1,3,6,"92,93,98,99,100,103",0.031005859664346037,0.009019363688293149,0.04021018424571245,0.01063592348936579,0.09182240830774992,0.010784359535073904
8,8,0,3,6,"92,93,98,99,100,103",0.017126866733427438,0.003396841485102127,0.010034889804444449,0.0010151939777369536,0.0923571545697577,0.007969646432838536
8,8,1,3,6,"92,93,98,99,100,103",0.033887497377631956,0.008571777653280592,0.04452495138631966,0.01138430777122203,0.09696121882450319,0.009157378512297887
8,9,0,3,6,"92,93,98,99,100,103",0.01937470179558168,0.003261925358213616,0.012078270601440323,0.0015544028372683279,0.09625470272637125,0.0066051750411890665
8,9,1,3,6,"92,93,98,99,100,103",0.034812361953819364,0.008006992106226466,0.046295039189171466,0.010196660838505806,0.09717361977046333,0.008067741436637731
8,10,0,3,6,"92,93,98,99,100,103",0.01983211094080921,0.0034155294219287455,0.012075572023404112,0.00176218355377827,0.09638594245540995,0.006926660354280986
8,10,1,3,6,"92,93,98,99,100,103",0.03090442216315367,0.006552128912541887,0.0435532942300648,0.008993750860883581,0.09538556619668853,0.009364199826698387
8,11,0,3,5,"93,98,99,100,103",0.018733683695031804,0.00357598212763945,0.01162178091556358,0.002391689039563469,0.0929947874390424,0.00883016300415803
8,11,1,3,5,"93,98,99,100,103",0.027752516531104825,0.00730812455363044,0.039490398028952274,0.009318734656266632,0.10227526322152647,0.011856538876437745
8,12,0,3,5,"93,98,99,100,103",0.019889274955335563,0.004448342773101295,0.011788109886110528,0.0025332513119557883,0.09667024182527958,0.011526498492997328
8,12,1,3,5,"93,98,99,100,103",0.029643119978852717,0.009376417562106136,0.042382040265760146,0.011598594825102716,0.10902822534384746,0.012921754986386555
8,13,0,3,6,"92,93,98,99,100,103",0.017769290640624477,0.005000233349495862,0.011234007202870745,0.0032093421630297525,0.10039723728461636,0.008715506068333507
8,13,1,3,6,"92,93,98,99,100,103",0.02844976625944538,0.008767497296454036,0.03851796704879871,0.011528087953286874,0.10063197216486557,0.014905155237603442
8,14,0,3,5,"92,93,98,99,103",0.023923934746830446,0.007089919993716856,0.013552735578107798,0.004109681495449967,0.11341125415115857,0.009012203657885456
8,14,1,3,5,"92,93,98,99,103",0.03770485266472827,0.00887989323402206,0.05323676855356463,0.012381582336258311,0.1043201103806541,0.01208985732924711
8,15,0,3,6,"92,93,98,99,100,103",0.021798530850453312,0.004954830472796313,0.012677083222557617,0.0027944938306349123,0.10176741036589104,0.008565485502304028
8,15,1,3,6,"92,93,98,99,100,103",0.032815091488529534,0.005707824253659503,0.047172701470214844,0.008504603132396257,0.09837407541879871,0.0063939834914365605
8,16,0,3,6,"92,93,98,99,100,103",0.022090731024933193,0.004261132118176861,0.012328270036050368,0.0021680004982296613,0.09833157709705526,0.007886770893295472
8,16,1,3,6,"92,93,98,99,100,103",0.03028017762239533,0.0038691765387664375,0.0458673327547541,0.005574066524326144,0.09979042913207349,0.007908545726705123
8,17,0,3,6,"92,93,98,99,100,103",0.016887302516880958,0.0030184066824022505,0.010188511973285764,0.002234290621491627,0.0877495564411346,0.005505265503100616
8,17,1,3,6,"92,93,98,99,100,103",0.024741791310118475,0.003709999691234782,0.03558628944361071,0.003930130301425939,0.09125607607879134,0.0047556404134225395
8,18,0,3,6,"92,93,98,99,100,103",0.016729722569901916,0.004235985773428891,0.010122772857965846,0.0025021821593683223,0.08704182330512257,0.007760240130708248
8,18,1,3,6,"92,93,98,99,100,103",0.02474733845573777,0.0038234113618571004,0.03510983123386221,0.00503528497101579,0.09181620145178176,0.004392185361645482
8,19,0,3,6,"92,93,98,99,100,103",0.01593736267481709,0.0052810924558810025,0.00983656737314374,0.002925674235857227,0.08155109823528948,0.008964543978675112
8,19,1,3,6,"92,93,98,99,100,103",0.02397229187693652,0.0037309508929758255,0.03260536169816868,0.005366037740642839,0.08879641132708144,0.006047106222902
8,20,0,3,4,"93,99,100,103",0.01380677448817618,0.002701359892649781,0.008991901852979656,0.0016042493781667523,0.08035983345249964,0.008705956030170185
8,20,1,3,6,"92,93,98,99,100,103",0.0259296111816265,0.005151346851970081,0.0366867033953014,0.009421295362039952,0.09834787849594127,0.009069895776935654
8,21,0,3,6,"92,93,98,99,100,103",0.017700765717507727,0.006019332381528626,0.010454964778441246,0.0034112138003651675,0.09243044667504778,0.010690714813753764
8,21,1,3,6,"92,93,98,99,100,103",0.02739971331376762,0.00513538371751143,0.03857448253306354,0.008466294569751927,0.09343796627719557,0.009192061239314058
8,22,0,3,6,"92,93,98,99,100,103",0.0174888128357847,0.005845169676593181,0.010045102571771417,0.003119586210560934,0.09141597323955852,0.012376447223798982
8,22,1,3,6,"92,93,98,99,100,103",0.0261104140402839,0.006413552993187767,0.03736001789613117,0.009900013657614268,0.09297106471772708,0.008730596919707184
8,23,0,3,6,"92,93,98,99,100,103",0.019639393653095704,0.00580383391938412,0.010859110432583877,0.003173767843148658,0.09030147227950465,0.013660517600953832
8,23,1,3,6,"92,93,98,99,100,103",0.02601728498611562,0.0066378709001238,0.039417044910998414,0.00992214502592852,0.09752492335473234,0.008538415994308404
8,24,0,3,6,"92,93,98,99,100,103",0.021791338642482925,0.006788295307051821,0.01397257776459254,0.0039959959486589435,0.09388166064478125,0.014047014937774148
8,24,1,3,6,"92,93,98,99,100,103",0.02475493482434116,0.00683154057340464,0.03731722494226498,0.010823664828680798,0.10102259730702022,0.007949218305177067
8,25,0,3,6,"92,93,98,99,100,103",0.021498960111120406,0.00624929512129981,0.014338763242757532,0.003908065558073265,0.09384236261381708,0.012477878343507023
8,25,1,3,6,"92,93,98,99,100,103",0.027343884804138005,0.0059186844928821114,0.038985185311319594,0.009508807490858242,0.09954204718610497,0.009134535250235802
8,26,0,3,5,"92,93,98,100,103",0.020481005703651314,0.005401711132394495,0.014540730236362912,0.0031380154951761306,0.10022324826224957,0.010268169991849128
8,26,1,3,5,"92,93,98,100,103",0.03147758076682498,0.0046690548513109885,0.04133169467652848,0.007989145768806457,0.09684809185179932,0.0067329221811782795
8,27,0,3,4,"92,93,100,103",0.014822750433489776,0.0026310704299601167,0.012047288560989161,0.002541769594927837,0.087515759937666,0.011999654060455348
8,27,1,3,4,"92,93,100,103",0.028800122922475864,0.008045491792019887,0.03368890281712043,0.0083373793923656,0.09430720182903385,0.009036055680470808
8,28,0,3,3,"92,100,103",0.017615201088791037,0.005122756131227404,0.013950307424580815,0.0056178642465408305,0.08936854755137262,0.021002386766854918
8,28,1,3,2,"92,100",0.0165040696253689,0.006842233876576628,0.023772376673747,0.006059011134294506,0.08643646183825511,0.0021303658590073743
8,29,0,3,2,"92,100",0.013208992604378442,0.00827072099944017,0.008970505907657857,0.0077359380064232885,0.05806299537405345,0.011149415127139862
8,29,1,3,2,"92,100",0.014892388980135734,0.0035502339706839376,0.021746877808422944,0.002843286126003284,0.07342960736310392,0.007855836871300627
