animal,session_type,session,LED_trial,all_condition_trials,event3_total,event3_missing_timing,first_count,first_missing_timing,last_count,last_missing_timing,isolated_count,isolated_missing_timing,first_fraction,last_fraction,isolated_fraction,relative_session
92,7,40,0,340,47,0,3,0,3,0,37,0,0.008823529411764706,0.008823529411764706,0.10882352941176471,-35
92,7,40,1,179,32,0,2,0,2,0,25,0,0.0111731843575419,0.0111731843575419,0.13966480446927373,-35
92,7,41,0,438,38,0,3,0,3,0,28,0,0.00684931506849315,0.00684931506849315,0.0639269406392694,-34
92,7,41,1,258,23,0,3,0,3,0,14,0,0.011627906976744186,0.011627906976744186,0.05426356589147287,-34
92,7,42,0,465,49,0,4,0,2,0,38,0,0.008602150537634409,0.004301075268817204,0.08172043010752689,-33
92,7,42,1,238,29,0,4,0,6,0,17,0,0.01680672268907563,0.025210084033613446,0.07142857142857142,-33
92,7,43,0,393,41,0,2,0,2,0,34,0,0.005089058524173028,0.005089058524173028,0.08651399491094147,-32
92,7,43,1,196,31,0,2,0,2,0,25,0,0.01020408163265306,0.01020408163265306,0.12755102040816327,-32
92,7,44,0,356,31,0,2,0,1,0,22,0,0.0056179775280898875,0.0028089887640449437,0.06179775280898876,-31
92,7,44,1,180,19,0,1,0,2,0,11,0,0.005555555555555556,0.011111111111111112,0.06111111111111111,-31
92,7,45,0,435,42,0,4,0,4,0,25,0,0.009195402298850575,0.009195402298850575,0.05747126436781609,-30
92,7,45,1,193,22,0,2,0,2,0,11,0,0.010362694300518135,0.010362694300518135,0.05699481865284974,-30
92,7,46,0,434,57,1,5,0,4,0,42,0,0.01152073732718894,0.009216589861751152,0.0967741935483871,-29
92,7,46,1,186,33,0,3,0,4,0,22,0,0.016129032258064516,0.021505376344086023,0.11827956989247312,-29
92,7,47,0,425,66,0,7,0,7,0,46,0,0.01647058823529412,0.01647058823529412,0.10823529411764705,-28
92,7,47,1,251,45,0,7,0,7,0,24,0,0.027888446215139442,0.027888446215139442,0.09561752988047809,-28
92,7,48,0,492,85,0,7,0,4,0,65,0,0.014227642276422764,0.008130081300813009,0.13211382113821138,-27
92,7,48,1,245,52,0,5,0,8,0,35,0,0.02040816326530612,0.0326530612244898,0.14285714285714285,-27
92,7,49,0,442,74,0,9,0,7,0,50,0,0.020361990950226245,0.01583710407239819,0.11312217194570136,-26
92,7,49,1,212,28,0,0,0,2,0,22,0,0.0,0.009433962264150943,0.10377358490566038,-26
92,7,50,0,454,66,0,6,0,5,0,51,0,0.013215859030837005,0.011013215859030838,0.11233480176211454,-25
92,7,50,1,247,44,0,3,0,4,0,31,0,0.012145748987854251,0.016194331983805668,0.12550607287449392,-25
92,7,51,0,508,79,0,8,0,7,0,58,0,0.015748031496062992,0.013779527559055118,0.1141732283464567,-24
92,7,51,1,214,33,0,4,0,5,0,22,0,0.018691588785046728,0.02336448598130841,0.102803738317757,-24
92,7,52,0,469,69,0,6,0,6,0,52,0,0.01279317697228145,0.01279317697228145,0.11087420042643924,-23
92,7,52,1,233,43,0,6,0,6,0,28,0,0.02575107296137339,0.02575107296137339,0.12017167381974249,-23
92,7,53,0,400,72,0,6,0,5,0,54,0,0.015,0.0125,0.135,-22
92,7,53,1,238,50,0,4,0,5,0,34,0,0.01680672268907563,0.02100840336134454,0.14285714285714285,-22
92,7,54,0,509,78,0,8,0,8,0,54,0,0.015717092337917484,0.015717092337917484,0.10609037328094302,-21
92,7,54,1,242,47,0,6,0,6,0,32,0,0.024793388429752067,0.024793388429752067,0.1322314049586777,-21
92,7,55,0,393,43,0,1,0,1,0,40,0,0.002544529262086514,0.002544529262086514,0.10178117048346055,-20
92,7,55,1,198,25,0,2,0,2,0,19,0,0.010101010101010102,0.010101010101010102,0.09595959595959595,-20
92,7,56,0,455,91,0,15,0,13,0,57,0,0.03296703296703297,0.02857142857142857,0.12527472527472527,-19
92,7,56,1,245,46,0,4,0,6,0,33,0,0.0163265306122449,0.024489795918367346,0.1346938775510204,-19
92,7,57,0,503,71,0,10,0,9,0,47,0,0.019880715705765408,0.017892644135188866,0.09343936381709742,-18
92,7,57,1,257,30,0,4,0,5,0,18,0,0.01556420233463035,0.019455252918287938,0.07003891050583658,-18
92,7,58,0,397,47,0,6,0,5,0,32,0,0.015113350125944584,0.012594458438287154,0.08060453400503778,-17
92,7,58,1,174,12,0,1,0,2,0,8,0,0.005747126436781609,0.011494252873563218,0.04597701149425287,-17
92,7,59,0,488,59,0,6,0,6,0,42,0,0.012295081967213115,0.012295081967213115,0.0860655737704918,-16
92,7,59,1,241,52,0,8,0,8,0,30,0,0.03319502074688797,0.03319502074688797,0.12448132780082988,-16
92,7,60,0,259,21,0,1,0,1,0,14,0,0.003861003861003861,0.003861003861003861,0.05405405405405406,-15
92,7,60,1,155,20,0,3,0,3,0,9,0,0.01935483870967742,0.01935483870967742,0.05806451612903226,-15
92,7,61,0,434,95,0,15,0,12,0,65,0,0.03456221198156682,0.027649769585253458,0.1497695852534562,-14
92,7,61,1,250,52,0,6,0,9,0,31,0,0.024,0.036,0.124,-14
92,7,62,0,488,55,0,9,0,6,0,33,0,0.018442622950819672,0.012295081967213115,0.06762295081967214,-13
92,7,62,1,219,37,0,6,0,9,0,18,0,0.0273972602739726,0.0410958904109589,0.0821917808219178,-13
92,7,63,0,377,57,0,5,0,4,0,43,0,0.013262599469496022,0.010610079575596816,0.11405835543766578,-12
92,7,63,1,238,29,0,2,0,3,0,21,0,0.008403361344537815,0.012605042016806723,0.08823529411764706,-12
92,7,64,0,338,46,0,7,0,6,0,29,0,0.020710059171597635,0.01775147928994083,0.08579881656804733,-11
92,7,64,1,187,27,0,3,0,4,0,18,0,0.016042780748663103,0.0213903743315508,0.0962566844919786,-11
92,7,65,0,438,63,0,8,0,7,0,46,0,0.0182648401826484,0.01598173515981735,0.1050228310502283,-10
92,7,65,1,227,27,0,4,0,5,0,13,0,0.01762114537444934,0.022026431718061675,0.05726872246696035,-10
92,7,66,0,392,66,0,10,0,9,0,42,0,0.025510204081632654,0.02295918367346939,0.10714285714285714,-9
92,7,66,1,191,33,0,1,0,2,0,23,0,0.005235602094240838,0.010471204188481676,0.12041884816753927,-9
92,7,67,0,419,90,0,11,0,10,0,65,0,0.026252983293556086,0.02386634844868735,0.15513126491646778,-8
92,7,67,1,236,63,0,9,0,10,0,35,0,0.038135593220338986,0.0423728813559322,0.1483050847457627,-8
92,7,68,0,518,78,0,13,0,11,0,47,0,0.025096525096525095,0.021235521235521235,0.09073359073359073,-7
92,7,68,1,261,67,0,8,0,10,0,41,0,0.03065134099616858,0.038314176245210725,0.15708812260536398,-7
92,7,69,0,441,68,0,8,0,8,0,50,0,0.018140589569160998,0.018140589569160998,0.11337868480725624,-6
92,7,69,1,284,71,0,13,0,13,0,34,0,0.045774647887323945,0.045774647887323945,0.11971830985915492,-6
92,7,70,0,477,71,0,5,0,5,0,55,0,0.010482180293501049,0.010482180293501049,0.11530398322851153,-5
92,7,70,1,211,29,0,3,0,3,0,18,0,0.014218009478672985,0.014218009478672985,0.08530805687203792,-5
92,7,71,0,454,81,0,13,0,12,0,53,0,0.028634361233480177,0.02643171806167401,0.11674008810572688,-4
92,7,71,1,285,73,0,14,0,15,0,33,0,0.04912280701754386,0.05263157894736842,0.11578947368421053,-4
92,7,72,0,544,64,0,5,0,4,0,50,0,0.009191176470588236,0.007352941176470588,0.09191176470588236,-3
92,7,72,1,280,60,0,12,0,13,0,29,0,0.04285714285714286,0.04642857142857143,0.10357142857142858,-3
92,7,73,0,355,47,0,5,0,4,0,36,0,0.014084507042253521,0.011267605633802818,0.10140845070422536,-2
92,7,73,1,205,41,0,4,0,5,0,30,0,0.01951219512195122,0.024390243902439025,0.14634146341463414,-2
92,7,74,0,533,73,0,7,0,7,0,55,0,0.013133208255159476,0.013133208255159476,0.10318949343339587,-1
92,7,74,1,237,34,0,3,0,3,0,27,0,0.012658227848101266,0.012658227848101266,0.11392405063291139,-1
93,7,28,0,439,102,0,18,0,15,0,54,0,0.04100227790432802,0.03416856492027335,0.12300683371298406,-27
93,7,28,1,220,53,0,5,0,8,0,26,0,0.022727272727272728,0.03636363636363636,0.11818181818181818,-27
93,7,29,0,399,70,0,9,0,9,0,43,0,0.022556390977443608,0.022556390977443608,0.10776942355889724,-26
93,7,29,1,229,65,0,14,0,14,0,27,0,0.0611353711790393,0.0611353711790393,0.11790393013100436,-26
93,7,30,0,438,60,0,5,0,4,0,44,0,0.01141552511415525,0.0091324200913242,0.1004566210045662,-25
93,7,30,1,214,48,0,13,0,14,0,18,0,0.06074766355140187,0.06542056074766354,0.08411214953271028,-25
93,7,31,0,398,62,0,14,0,11,0,31,0,0.035175879396984924,0.02763819095477387,0.07788944723618091,-24
93,7,31,1,228,46,0,7,0,10,0,19,0,0.03070175438596491,0.043859649122807015,0.08333333333333333,-24
93,7,32,0,346,43,0,8,0,7,0,22,0,0.023121387283236993,0.02023121387283237,0.06358381502890173,-23
93,7,32,1,192,38,0,7,0,8,0,20,0,0.036458333333333336,0.041666666666666664,0.10416666666666667,-23
93,7,33,0,426,73,0,9,0,8,0,48,0,0.02112676056338028,0.018779342723004695,0.11267605633802817,-22
93,7,33,1,245,50,0,10,0,11,0,20,0,0.04081632653061224,0.044897959183673466,0.08163265306122448,-22
93,7,34,0,436,70,0,11,0,9,0,47,0,0.02522935779816514,0.020642201834862386,0.10779816513761468,-21
93,7,34,1,233,49,0,7,0,9,0,22,0,0.030042918454935622,0.03862660944206009,0.0944206008583691,-21
93,7,35,0,432,90,0,17,0,16,0,46,0,0.03935185185185185,0.037037037037037035,0.10648148148148148,-20
93,7,35,1,238,58,0,9,0,10,0,30,0,0.037815126050420166,0.04201680672268908,0.12605042016806722,-20
93,7,36,0,493,73,0,12,0,11,0,38,0,0.02434077079107505,0.02231237322515213,0.07707910750507099,-19
93,7,36,1,189,30,0,2,0,3,0,19,0,0.010582010582010581,0.015873015873015872,0.10052910052910052,-19
93,7,37,0,431,76,0,14,0,13,0,43,0,0.03248259860788863,0.030162412993039442,0.09976798143851508,-18
93,7,37,1,229,48,0,8,0,9,0,24,0,0.034934497816593885,0.039301310043668124,0.10480349344978165,-18
93,7,38,0,440,61,0,6,0,4,0,38,0,0.013636363636363636,0.00909090909090909,0.08636363636363636,-17
93,7,38,1,213,35,0,5,0,7,0,19,0,0.023474178403755867,0.03286384976525822,0.0892018779342723,-17
93,7,39,0,332,58,0,7,0,6,0,41,0,0.02108433734939759,0.018072289156626505,0.12349397590361445,-16
93,7,39,1,220,52,0,8,0,9,0,24,0,0.03636363636363636,0.04090909090909091,0.10909090909090909,-16
93,7,40,0,444,98,0,15,0,12,0,56,0,0.033783783783783786,0.02702702702702703,0.12612612612612611,-15
93,7,40,1,227,61,0,11,0,14,0,25,0,0.048458149779735685,0.06167400881057269,0.11013215859030837,-15
93,7,41,0,312,54,0,9,0,8,0,32,0,0.028846153846153848,0.02564102564102564,0.10256410256410256,-14
93,7,41,1,180,45,0,11,0,12,0,13,0,0.06111111111111111,0.06666666666666667,0.07222222222222222,-14
93,7,42,0,441,133,0,30,0,21,0,60,0,0.06802721088435375,0.047619047619047616,0.1360544217687075,-13
93,7,42,1,250,99,0,22,0,31,0,18,0,0.088,0.124,0.072,-13
93,7,43,0,443,96,0,16,0,13,0,61,0,0.03611738148984198,0.029345372460496615,0.13769751693002258,-12
93,7,43,1,226,63,0,12,0,15,0,32,0,0.05309734513274336,0.06637168141592921,0.1415929203539823,-12
93,7,44,0,459,77,0,12,0,10,0,50,0,0.026143790849673203,0.02178649237472767,0.10893246187363835,-11
93,7,44,1,257,51,0,7,0,9,0,32,0,0.027237354085603113,0.03501945525291829,0.1245136186770428,-11
93,7,45,0,318,53,0,9,0,7,0,32,0,0.02830188679245283,0.0220125786163522,0.10062893081761007,-10
93,7,45,1,190,35,0,8,0,10,0,11,0,0.042105263157894736,0.05263157894736842,0.05789473684210526,-10
93,7,46,0,440,73,0,14,0,13,0,36,0,0.031818181818181815,0.029545454545454545,0.08181818181818182,-9
93,7,46,1,263,71,0,15,0,16,0,35,0,0.057034220532319393,0.060836501901140684,0.13307984790874525,-9
93,7,47,0,350,56,0,8,0,8,0,33,0,0.022857142857142857,0.022857142857142857,0.09428571428571429,-8
93,7,47,1,199,53,0,11,0,11,0,23,0,0.05527638190954774,0.05527638190954774,0.11557788944723618,-8
93,7,48,0,414,96,0,18,0,16,0,50,0,0.043478260869565216,0.03864734299516908,0.12077294685990338,-7
93,7,48,1,240,74,0,14,0,16,0,31,0,0.058333333333333334,0.06666666666666667,0.12916666666666668,-7
93,7,49,0,453,75,0,11,0,10,0,44,0,0.024282560706401765,0.02207505518763797,0.09713024282560706,-6
93,7,49,1,237,49,0,8,0,9,0,27,0,0.03375527426160337,0.0379746835443038,0.11392405063291139,-6
93,7,50,0,492,56,0,7,0,5,0,42,0,0.014227642276422764,0.01016260162601626,0.08536585365853659,-5
93,7,50,1,213,42,0,7,0,9,0,21,0,0.03286384976525822,0.04225352112676056,0.09859154929577464,-5
93,7,51,0,481,52,0,7,0,6,0,31,0,0.014553014553014554,0.012474012474012475,0.06444906444906445,-4
93,7,51,1,233,23,0,1,0,2,0,17,0,0.004291845493562232,0.008583690987124463,0.07296137339055794,-4
93,7,52,0,471,56,0,8,0,5,0,32,0,0.016985138004246284,0.010615711252653927,0.06794055201698514,-3
93,7,52,1,227,37,0,7,0,10,0,17,0,0.030837004405286344,0.04405286343612335,0.07488986784140969,-3
93,7,53,0,464,62,0,13,0,11,0,33,0,0.028017241379310345,0.023706896551724137,0.07112068965517242,-2
93,7,53,1,237,54,0,8,0,10,0,32,0,0.03375527426160337,0.04219409282700422,0.1350210970464135,-2
93,7,54,0,502,49,0,7,0,7,0,35,0,0.013944223107569721,0.013944223107569721,0.0697211155378486,-1
93,7,54,1,243,40,0,6,0,6,0,21,0,0.024691358024691357,0.024691358024691357,0.08641975308641975,-1
98,7,28,0,410,55,0,13,0,10,0,27,0,0.03170731707317073,0.024390243902439025,0.06585365853658537,-20
98,7,28,1,225,36,0,6,0,9,0,18,0,0.02666666666666667,0.04,0.08,-20
98,7,29,0,483,87,0,12,0,9,0,60,0,0.024844720496894408,0.018633540372670808,0.12422360248447205,-19
98,7,29,1,243,48,0,7,0,10,0,26,0,0.02880658436213992,0.0411522633744856,0.10699588477366255,-19
98,7,30,0,506,70,0,8,0,7,0,47,0,0.015810276679841896,0.01383399209486166,0.09288537549407115,-18
98,7,30,1,228,31,0,2,0,3,0,23,0,0.008771929824561403,0.013157894736842105,0.10087719298245613,-18
98,7,31,0,267,35,0,1,0,1,0,31,0,0.003745318352059925,0.003745318352059925,0.11610486891385768,-17
98,7,31,1,203,31,0,6,0,6,0,19,0,0.029556650246305417,0.029556650246305417,0.09359605911330049,-17
98,7,32,0,499,66,0,12,0,9,0,43,0,0.02404809619238477,0.018036072144288578,0.08617234468937876,-16
98,7,32,1,239,45,0,5,0,8,0,26,0,0.02092050209205021,0.03347280334728033,0.1087866108786611,-16
98,7,33,0,388,48,0,8,0,6,0,29,0,0.020618556701030927,0.015463917525773196,0.07474226804123711,-15
98,7,33,1,202,30,0,3,0,5,0,20,0,0.01485148514851485,0.024752475247524754,0.09900990099009901,-15
98,7,34,0,471,150,0,30,0,28,0,79,0,0.06369426751592357,0.059447983014861996,0.16772823779193205,-14
98,7,34,1,244,82,0,21,0,23,0,30,0,0.0860655737704918,0.0942622950819672,0.12295081967213115,-14
98,7,35,0,566,120,0,16,0,13,0,86,0,0.028268551236749116,0.022968197879858657,0.1519434628975265,-13
98,7,35,1,261,50,0,8,0,11,0,27,0,0.03065134099616858,0.0421455938697318,0.10344827586206896,-13
98,7,36,0,540,66,0,7,0,6,0,51,0,0.012962962962962963,0.011111111111111112,0.09444444444444444,-12
98,7,36,1,302,50,0,9,0,10,0,28,0,0.029801324503311258,0.033112582781456956,0.09271523178807947,-12
98,7,37,0,519,63,0,7,0,7,0,44,0,0.01348747591522158,0.01348747591522158,0.08477842003853564,-11
98,7,37,1,253,43,0,9,0,9,0,19,0,0.03557312252964427,0.03557312252964427,0.07509881422924901,-11
98,7,38,0,491,56,0,7,0,7,0,37,0,0.014256619144602852,0.014256619144602852,0.07535641547861507,-10
98,7,38,1,264,35,0,6,0,6,0,20,0,0.022727272727272728,0.022727272727272728,0.07575757575757576,-10
98,7,39,0,376,78,0,14,0,12,0,42,0,0.03723404255319149,0.031914893617021274,0.11170212765957446,-9
98,7,39,1,167,36,0,5,0,7,0,22,0,0.029940119760479042,0.041916167664670656,0.1317365269461078,-9
98,7,40,0,537,125,0,25,0,22,0,66,0,0.04655493482309125,0.040968342644320296,0.12290502793296089,-8
98,7,40,1,236,73,0,15,0,18,0,34,0,0.0635593220338983,0.07627118644067797,0.1440677966101695,-8
98,7,41,0,492,122,0,18,0,15,0,77,0,0.036585365853658534,0.03048780487804878,0.1565040650406504,-7
98,7,41,1,275,85,0,19,0,22,0,35,0,0.06909090909090909,0.08,0.12727272727272726,-7
98,7,42,0,511,80,0,16,0,14,0,42,0,0.03131115459882583,0.0273972602739726,0.0821917808219178,-6
98,7,42,1,266,62,0,8,0,10,0,28,0,0.03007518796992481,0.03759398496240601,0.10526315789473684,-6
98,7,43,0,527,74,0,13,0,11,0,48,0,0.024667931688804556,0.020872865275142316,0.09108159392789374,-5
98,7,43,1,271,75,0,15,0,17,0,31,0,0.055350553505535055,0.06273062730627306,0.11439114391143912,-5
98,7,44,0,551,85,0,11,0,9,0,55,0,0.019963702359346643,0.016333938294010888,0.0998185117967332,-4
98,7,44,1,249,44,0,6,0,8,0,24,0,0.024096385542168676,0.0321285140562249,0.0963855421686747,-4
98,7,45,0,578,104,0,20,0,18,0,57,0,0.03460207612456748,0.031141868512110725,0.0986159169550173,-3
98,7,45,1,239,45,0,5,0,7,0,30,0,0.02092050209205021,0.029288702928870293,0.12552301255230125,-3
98,7,46,0,591,80,0,9,0,7,0,60,0,0.015228426395939087,0.011844331641285956,0.10152284263959391,-2
98,7,46,1,291,46,0,7,0,9,0,28,0,0.024054982817869417,0.030927835051546393,0.09621993127147767,-2
98,7,47,0,527,55,0,5,0,5,0,36,0,0.009487666034155597,0.009487666034155597,0.0683111954459203,-1
98,7,47,1,257,40,0,6,0,6,0,23,0,0.023346303501945526,0.023346303501945526,0.08949416342412451,-1
99,7,28,0,476,117,0,17,0,15,0,80,0,0.03571428571428571,0.031512605042016806,0.16806722689075632,-19
99,7,28,1,234,70,0,12,0,14,0,28,0,0.05128205128205128,0.05982905982905983,0.11965811965811966,-19
99,7,29,0,454,145,0,28,0,27,0,78,0,0.06167400881057269,0.05947136563876652,0.17180616740088106,-18
99,7,29,1,224,72,0,15,0,16,0,29,0,0.06696428571428571,0.07142857142857142,0.12946428571428573,-18
99,7,30,0,452,58,0,4,0,4,0,46,0,0.008849557522123894,0.008849557522123894,0.10176991150442478,-17
99,7,30,1,213,43,0,5,0,5,0,28,0,0.023474178403755867,0.023474178403755867,0.13145539906103287,-17
99,7,31,0,574,98,0,12,0,10,0,72,0,0.020905923344947737,0.017421602787456445,0.1254355400696864,-16
99,7,31,1,287,58,0,9,0,11,0,34,0,0.0313588850174216,0.03832752613240418,0.11846689895470383,-16
99,7,32,0,448,68,0,10,0,9,0,49,0,0.022321428571428572,0.020089285714285716,0.109375,-15
99,7,32,1,211,26,0,0,0,1,0,21,0,0.0,0.004739336492890996,0.0995260663507109,-15
99,7,33,0,516,139,0,31,0,26,0,69,0,0.060077519379844964,0.050387596899224806,0.13372093023255813,-14
99,7,33,1,276,92,0,20,0,25,0,27,0,0.07246376811594203,0.09057971014492754,0.09782608695652174,-14
99,7,34,0,570,65,0,10,0,5,0,46,0,0.017543859649122806,0.008771929824561403,0.08070175438596491,-13
99,7,34,1,329,71,0,9,0,14,0,34,0,0.02735562310030395,0.0425531914893617,0.1033434650455927,-13
99,7,35,0,378,41,0,5,0,5,0,28,0,0.013227513227513227,0.013227513227513227,0.07407407407407407,-12
99,7,35,1,244,34,0,7,0,7,0,17,0,0.028688524590163935,0.028688524590163935,0.06967213114754098,-12
99,7,36,0,527,85,0,10,0,7,0,59,0,0.018975332068311195,0.013282732447817837,0.11195445920303605,-11
99,7,36,1,309,62,0,10,0,13,0,30,0,0.032362459546925564,0.042071197411003236,0.0970873786407767,-11
99,7,37,0,580,104,0,18,0,17,0,67,0,0.03103448275862069,0.029310344827586206,0.11551724137931034,-10
99,7,37,1,255,56,0,11,0,12,0,25,0,0.043137254901960784,0.047058823529411764,0.09803921568627451,-10
99,7,38,0,406,67,0,11,0,10,0,39,0,0.027093596059113302,0.024630541871921183,0.0960591133004926,-9
99,7,38,1,231,50,0,8,0,9,0,26,0,0.03463203463203463,0.03896103896103896,0.11255411255411256,-9
99,7,39,0,605,88,0,13,0,13,0,55,0,0.021487603305785124,0.021487603305785124,0.09090909090909091,-8
99,7,39,1,286,56,0,9,0,9,0,32,0,0.03146853146853147,0.03146853146853147,0.11188811188811189,-8
99,7,40,0,628,91,0,16,0,13,0,45,0,0.025477707006369428,0.020700636942675158,0.07165605095541401,-7
99,7,40,1,331,64,0,10,0,13,0,32,0,0.030211480362537766,0.03927492447129909,0.09667673716012085,-7
99,7,41,0,596,92,0,10,0,9,0,68,0,0.016778523489932886,0.015100671140939598,0.11409395973154363,-6
99,7,41,1,306,62,0,11,0,12,0,27,0,0.03594771241830065,0.0392156862745098,0.08823529411764706,-6
99,7,42,0,563,102,0,11,0,11,0,74,0,0.019538188277087035,0.019538188277087035,0.13143872113676733,-5
99,7,42,1,278,48,0,7,0,7,0,25,0,0.025179856115107913,0.025179856115107913,0.08992805755395683,-5
99,7,43,0,476,104,0,20,0,14,0,56,0,0.04201680672268908,0.029411764705882353,0.11764705882352941,-4
99,7,43,1,276,83,0,17,0,23,0,21,0,0.06159420289855073,0.08333333333333333,0.07608695652173914,-4
99,7,44,0,602,64,0,9,0,6,0,48,0,0.014950166112956811,0.009966777408637873,0.07973421926910298,-3
99,7,44,1,340,62,0,10,0,13,0,36,0,0.029411764705882353,0.03823529411764706,0.10588235294117647,-3
99,7,45,0,596,97,0,17,0,15,0,60,0,0.028523489932885907,0.025167785234899327,0.10067114093959731,-2
99,7,45,1,252,49,0,4,0,6,0,36,0,0.015873015873015872,0.023809523809523808,0.14285714285714285,-2
99,7,46,0,570,62,0,7,0,5,0,46,0,0.012280701754385965,0.008771929824561403,0.08070175438596491,-1
99,7,46,1,286,51,0,6,0,8,0,25,0,0.02097902097902098,0.027972027972027972,0.08741258741258741,-1
100,7,28,0,297,62,1,12,0,12,0,29,0,0.04040404040404041,0.04040404040404041,0.09764309764309764,-15
100,7,28,1,137,29,0,4,0,4,0,19,0,0.029197080291970802,0.029197080291970802,0.1386861313868613,-15
100,7,29,0,583,88,0,17,0,14,0,52,0,0.029159519725557463,0.024013722126929673,0.08919382504288165,-14
100,7,29,1,309,38,0,3,0,6,0,26,0,0.009708737864077669,0.019417475728155338,0.08414239482200647,-14
100,7,30,0,394,43,0,6,0,5,0,30,0,0.015228426395939087,0.012690355329949238,0.07614213197969544,-13
100,7,30,1,223,38,0,5,0,6,0,18,0,0.02242152466367713,0.026905829596412557,0.08071748878923767,-13
100,7,31,0,252,27,0,1,0,1,0,21,0,0.003968253968253968,0.003968253968253968,0.08333333333333333,-12
100,7,31,1,141,23,0,1,0,1,0,19,0,0.0070921985815602835,0.0070921985815602835,0.1347517730496454,-12
100,7,32,0,567,65,0,9,0,8,0,44,0,0.015873015873015872,0.014109347442680775,0.07760141093474426,-11
100,7,32,1,274,29,0,2,0,3,0,22,0,0.0072992700729927005,0.010948905109489052,0.08029197080291971,-11
100,7,33,0,495,46,0,4,0,4,0,34,0,0.00808080808080808,0.00808080808080808,0.06868686868686869,-10
100,7,33,1,242,30,0,6,0,6,0,12,0,0.024793388429752067,0.024793388429752067,0.049586776859504134,-10
100,7,34,0,414,48,0,6,0,5,0,30,0,0.014492753623188406,0.012077294685990338,0.07246376811594203,-9
100,7,34,1,189,26,0,1,0,2,0,19,0,0.005291005291005291,0.010582010582010581,0.10052910052910052,-9
100,7,35,0,443,53,0,9,0,5,0,37,0,0.020316027088036117,0.011286681715575621,0.0835214446952596,-8
100,7,35,1,264,44,0,5,0,9,0,24,0,0.01893939393939394,0.03409090909090909,0.09090909090909091,-8
100,7,36,0,330,64,0,10,0,9,0,43,0,0.030303030303030304,0.02727272727272727,0.1303030303030303,-7
100,7,36,1,262,20,0,4,0,5,0,10,0,0.015267175572519083,0.019083969465648856,0.03816793893129771,-7
100,7,37,0,476,59,0,5,0,5,0,38,0,0.01050420168067227,0.01050420168067227,0.07983193277310924,-6
100,7,37,1,244,25,0,6,0,6,0,9,0,0.02459016393442623,0.02459016393442623,0.036885245901639344,-6
100,7,38,0,327,27,0,1,0,1,0,20,0,0.0030581039755351682,0.0030581039755351682,0.06116207951070336,-5
100,7,38,1,232,27,0,4,0,4,0,12,0,0.017241379310344827,0.017241379310344827,0.05172413793103448,-5
100,7,39,0,185,16,0,0,0,0,0,16,0,0.0,0.0,0.08648648648648649,-4
100,7,39,1,126,13,0,2,0,2,0,6,0,0.015873015873015872,0.015873015873015872,0.047619047619047616,-4
100,7,40,0,539,81,0,17,0,14,0,44,0,0.03153988868274583,0.025974025974025976,0.08163265306122448,-3
100,7,40,1,251,36,0,5,0,8,0,19,0,0.0199203187250996,0.03187250996015936,0.07569721115537849,-3
100,7,41,0,518,49,0,6,0,5,0,32,0,0.011583011583011582,0.009652509652509652,0.06177606177606178,-2
100,7,41,1,253,36,0,5,0,6,0,18,0,0.019762845849802372,0.023715415019762844,0.07114624505928854,-2
100,7,42,0,407,34,0,3,0,2,0,24,0,0.007371007371007371,0.004914004914004914,0.05896805896805897,-1
100,7,42,1,230,26,0,3,0,4,0,14,0,0.013043478260869565,0.017391304347826087,0.06086956521739131,-1
103,7,26,0,306,54,0,12,0,9,0,21,0,0.0392156862745098,0.029411764705882353,0.06862745098039216,-27
103,7,26,1,233,50,0,13,0,16,0,13,0,0.055793991416309016,0.06866952789699571,0.055793991416309016,-27
103,7,27,0,419,78,0,17,0,14,0,35,0,0.0405727923627685,0.03341288782816229,0.08353221957040573,-26
103,7,27,1,226,47,0,9,0,12,0,16,0,0.03982300884955752,0.05309734513274336,0.07079646017699115,-26
103,7,28,0,505,54,0,6,0,5,0,35,0,0.011881188118811881,0.009900990099009901,0.06930693069306931,-25
103,7,28,1,265,51,0,11,0,12,0,23,0,0.04150943396226415,0.045283018867924525,0.08679245283018867,-25
103,7,29,0,413,55,0,8,0,8,0,30,0,0.01937046004842615,0.01937046004842615,0.07263922518159806,-24
103,7,29,1,203,30,0,4,0,4,0,19,0,0.019704433497536946,0.019704433497536946,0.09359605911330049,-24
103,7,30,0,357,38,0,8,0,6,0,20,0,0.022408963585434174,0.01680672268907563,0.056022408963585436,-23
103,7,30,1,180,31,0,2,0,4,0,21,0,0.011111111111111112,0.022222222222222223,0.11666666666666667,-23
103,7,31,0,471,57,0,6,0,4,0,40,0,0.012738853503184714,0.008492569002123142,0.08492569002123142,-22
103,7,31,1,211,35,0,4,0,6,0,19,0,0.018957345971563982,0.02843601895734597,0.09004739336492891,-22
103,7,32,0,520,99,0,20,0,16,0,56,0,0.038461538461538464,0.03076923076923077,0.1076923076923077,-21
103,7,32,1,231,56,0,9,0,13,0,26,0,0.03896103896103896,0.05627705627705628,0.11255411255411256,-21
103,7,33,0,477,91,0,7,0,4,0,73,0,0.014675052410901468,0.008385744234800839,0.1530398322851153,-20
103,7,33,1,267,62,0,10,0,13,0,31,0,0.03745318352059925,0.04868913857677903,0.11610486891385768,-20
103,7,34,0,362,49,0,4,0,3,0,38,0,0.011049723756906077,0.008287292817679558,0.10497237569060773,-19
103,7,34,1,223,52,0,9,0,10,0,29,0,0.04035874439461883,0.04484304932735426,0.13004484304932734,-19
103,7,35,0,520,107,0,12,0,11,0,76,0,0.023076923076923078,0.021153846153846155,0.14615384615384616,-18
103,7,35,1,263,53,0,6,0,7,0,35,0,0.022813688212927757,0.026615969581749048,0.13307984790874525,-18
103,7,36,0,608,90,0,17,0,15,0,45,0,0.027960526315789474,0.024671052631578948,0.07401315789473684,-17
103,7,36,1,235,34,0,3,0,5,0,24,0,0.01276595744680851,0.02127659574468085,0.10212765957446808,-17
103,7,37,0,553,74,0,11,0,10,0,44,0,0.019891500904159132,0.018083182640144666,0.07956600361663653,-16
103,7,37,1,248,30,0,4,0,5,0,20,0,0.016129032258064516,0.020161290322580645,0.08064516129032258,-16
103,7,38,0,321,46,0,8,0,8,0,28,0,0.024922118380062305,0.024922118380062305,0.08722741433021806,-15
103,7,38,1,171,25,0,3,0,3,0,17,0,0.017543859649122806,0.017543859649122806,0.09941520467836257,-15
103,7,39,0,596,115,0,14,0,12,0,84,0,0.02348993288590604,0.020134228187919462,0.14093959731543623,-14
103,7,39,1,286,50,0,6,0,8,0,30,0,0.02097902097902098,0.027972027972027972,0.1048951048951049,-14
103,7,40,0,577,51,0,6,0,6,0,35,0,0.010398613518197574,0.010398613518197574,0.060658578856152515,-13
103,7,40,1,294,29,0,3,0,3,0,16,0,0.01020408163265306,0.01020408163265306,0.05442176870748299,-13
103,7,41,0,490,59,0,11,0,9,0,33,0,0.022448979591836733,0.018367346938775512,0.0673469387755102,-12
103,7,41,1,258,31,0,1,0,3,0,21,0,0.003875968992248062,0.011627906976744186,0.08139534883720931,-12
103,7,42,0,440,55,0,2,0,2,0,43,0,0.004545454545454545,0.004545454545454545,0.09772727272727273,-11
103,7,42,1,189,26,0,5,0,5,0,15,0,0.026455026455026454,0.026455026455026454,0.07936507936507936,-11
103,7,43,0,489,62,0,8,0,8,0,41,0,0.016359918200409,0.016359918200409,0.08384458077709611,-10
103,7,43,1,264,30,0,2,0,2,0,23,0,0.007575757575757576,0.007575757575757576,0.08712121212121213,-10
103,7,44,0,460,74,0,10,0,10,0,44,0,0.021739130434782608,0.021739130434782608,0.09565217391304348,-9
103,7,44,1,204,29,0,2,0,2,0,22,0,0.00980392156862745,0.00980392156862745,0.10784313725490197,-9
103,7,45,0,599,111,0,13,0,12,0,81,0,0.021702838063439065,0.02003338898163606,0.1352253756260434,-8
103,7,45,1,300,59,0,7,0,8,0,40,0,0.023333333333333334,0.02666666666666667,0.13333333333333333,-8
103,7,46,0,702,87,0,12,0,11,0,59,0,0.017094017094017096,0.01566951566951567,0.08404558404558404,-7
103,7,46,1,275,34,0,5,0,6,0,19,0,0.01818181818181818,0.02181818181818182,0.06909090909090909,-7
103,7,47,0,533,55,0,6,0,6,0,37,0,0.01125703564727955,0.01125703564727955,0.06941838649155722,-6
103,7,47,1,280,44,0,5,0,5,0,27,0,0.017857142857142856,0.017857142857142856,0.09642857142857143,-6
103,7,48,0,602,59,0,2,0,2,0,48,0,0.0033222591362126247,0.0033222591362126247,0.07973421926910298,-5
103,7,48,1,261,30,0,5,0,5,0,18,0,0.019157088122605363,0.019157088122605363,0.06896551724137931,-5
103,7,49,0,568,58,0,5,0,4,0,43,0,0.008802816901408451,0.007042253521126761,0.07570422535211267,-4
103,7,49,1,251,31,0,2,0,3,0,20,0,0.00796812749003984,0.01195219123505976,0.0796812749003984,-4
103,7,50,0,606,87,0,12,0,8,0,62,0,0.019801980198019802,0.013201320132013201,0.10231023102310231,-3
103,7,50,1,309,48,0,8,0,12,0,22,0,0.025889967637540454,0.038834951456310676,0.07119741100323625,-3
103,7,51,0,413,52,0,9,0,8,0,30,0,0.021791767554479417,0.01937046004842615,0.07263922518159806,-2
103,7,51,1,217,39,0,6,0,7,0,21,0,0.027649769585253458,0.03225806451612903,0.0967741935483871,-2
103,7,52,0,488,64,0,8,0,7,0,42,0,0.01639344262295082,0.014344262295081968,0.0860655737704918,-1
103,7,52,1,256,36,0,3,0,4,0,23,0,0.01171875,0.015625,0.08984375,-1
92,8,75,0,464,68,0,3,0,3,0,56,0,0.00646551724137931,0.00646551724137931,0.1206896551724138,0
92,8,75,1,228,36,0,5,0,5,0,24,0,0.021929824561403508,0.021929824561403508,0.10526315789473684,0
92,8,76,0,288,27,0,2,0,1,0,15,0,0.006944444444444444,0.003472222222222222,0.052083333333333336,1
92,8,76,1,279,31,0,2,0,3,0,11,0,0.007168458781362007,0.010752688172043012,0.03942652329749104,1
92,8,77,0,500,90,0,17,0,8,0,63,0,0.034,0.016,0.126,2
92,8,77,1,240,52,0,6,0,15,0,25,0,0.025,0.0625,0.10416666666666667,2
92,8,81,0,450,71,0,14,0,9,0,42,0,0.03111111111111111,0.02,0.09333333333333334,6
92,8,81,1,247,41,0,5,0,10,0,22,0,0.020242914979757085,0.04048582995951417,0.08906882591093117,6
92,8,82,0,383,43,0,2,0,2,0,35,0,0.005221932114882507,0.005221932114882507,0.09138381201044386,7
92,8,82,1,256,28,0,2,0,2,0,21,0,0.0078125,0.0078125,0.08203125,7
92,8,83,0,117,14,0,0,0,0,0,14,0,0.0,0.0,0.11965811965811966,8
92,8,83,1,70,9,0,0,0,0,0,8,0,0.0,0.0,0.11428571428571428,8
92,8,84,0,454,61,0,6,0,5,0,48,0,0.013215859030837005,0.011013215859030838,0.10572687224669604,9
92,8,84,1,273,46,0,9,0,10,0,22,0,0.03296703296703297,0.03663003663003663,0.08058608058608059,9
92,8,85,0,447,60,0,8,0,4,0,44,0,0.017897091722595078,0.008948545861297539,0.09843400447427293,10
92,8,85,1,256,45,0,4,0,8,0,22,0,0.015625,0.03125,0.0859375,10
92,8,88,0,216,12,0,0,0,0,0,10,0,0.0,0.0,0.046296296296296294,13
92,8,88,1,127,6,0,1,0,1,0,1,0,0.007874015748031496,0.007874015748031496,0.007874015748031496,13
92,8,89,0,292,39,0,1,0,0,0,37,0,0.003424657534246575,0.0,0.1267123287671233,14
92,8,89,1,192,24,0,2,0,3,0,13,0,0.010416666666666666,0.015625,0.06770833333333333,14
92,8,90,0,377,70,0,9,0,3,0,52,0,0.023872679045092837,0.007957559681697613,0.13793103448275862,15
92,8,90,1,265,47,0,5,0,11,0,24,0,0.018867924528301886,0.04150943396226415,0.09056603773584905,15
92,8,91,0,489,69,0,8,0,4,0,54,0,0.016359918200409,0.0081799591002045,0.11042944785276074,16
92,8,91,1,288,42,0,6,0,10,0,25,0,0.020833333333333332,0.034722222222222224,0.08680555555555555,16
92,8,92,0,400,51,0,5,0,3,0,37,0,0.0125,0.0075,0.0925,17
92,8,92,1,223,42,0,7,0,9,0,20,0,0.03139013452914798,0.04035874439461883,0.08968609865470852,17
92,8,93,0,463,41,0,3,0,3,0,34,0,0.0064794816414686825,0.0064794816414686825,0.0734341252699784,18
92,8,93,1,264,33,0,2,0,2,0,25,0,0.007575757575757576,0.007575757575757576,0.0946969696969697,18
92,8,94,0,418,33,0,3,0,3,0,24,0,0.007177033492822967,0.007177033492822967,0.05741626794258373,19
92,8,94,1,255,29,0,4,0,4,0,18,0,0.01568627450980392,0.01568627450980392,0.07058823529411765,19
92,8,95,1,15,3,0,1,0,1,0,0,0,0.06666666666666667,0.06666666666666667,0.0,20
92,8,96,0,464,50,0,0,0,0,0,46,0,0.0,0.0,0.09913793103448276,21
92,8,96,1,237,26,0,2,0,2,0,18,0,0.008438818565400843,0.008438818565400843,0.0759493670886076,21
92,8,97,0,339,48,0,5,0,3,0,40,0,0.014749262536873156,0.008849557522123894,0.11799410029498525,22
92,8,97,1,200,18,0,2,0,4,0,10,0,0.01,0.02,0.05,22
92,8,98,0,477,50,0,5,0,4,0,36,0,0.010482180293501049,0.008385744234800839,0.07547169811320754,23
92,8,98,1,277,28,0,2,0,3,0,20,0,0.007220216606498195,0.010830324909747292,0.07220216606498195,23
92,8,99,0,497,53,0,6,0,4,0,41,0,0.012072434607645875,0.008048289738430584,0.08249496981891348,24
92,8,99,1,241,33,0,3,0,5,0,20,0,0.012448132780082987,0.02074688796680498,0.08298755186721991,24
92,8,100,0,452,52,0,5,0,4,0,40,0,0.011061946902654867,0.008849557522123894,0.08849557522123894,25
92,8,100,1,242,37,0,6,0,7,0,19,0,0.024793388429752067,0.028925619834710745,0.07851239669421488,25
92,8,101,0,326,29,0,1,0,1,0,26,0,0.003067484662576687,0.003067484662576687,0.07975460122699386,26
92,8,101,1,247,22,0,2,0,2,0,11,0,0.008097165991902834,0.008097165991902834,0.044534412955465584,26
92,8,102,0,161,34,0,3,0,2,0,27,0,0.018633540372670808,0.012422360248447204,0.16770186335403728,27
92,8,102,1,92,15,0,0,0,1,0,12,0,0.0,0.010869565217391304,0.13043478260869565,27
92,8,103,0,447,57,0,13,0,11,0,29,0,0.029082774049217,0.024608501118568233,0.06487695749440715,28
92,8,103,1,262,37,0,2,0,4,0,21,0,0.007633587786259542,0.015267175572519083,0.08015267175572519,28
92,8,104,0,391,42,0,5,0,3,0,29,0,0.01278772378516624,0.0076726342710997444,0.0741687979539642,29
92,8,104,1,267,36,0,4,0,6,0,22,0,0.0149812734082397,0.02247191011235955,0.08239700374531835,29
93,8,55,0,368,47,0,7,0,4,0,26,0,0.019021739130434784,0.010869565217391304,0.07065217391304347,0
93,8,55,1,199,36,0,5,0,8,0,18,0,0.02512562814070352,0.04020100502512563,0.09045226130653267,0
93,8,56,0,385,39,0,6,0,3,0,26,0,0.015584415584415584,0.007792207792207792,0.06753246753246753,1
93,8,56,1,228,32,0,6,0,9,0,12,0,0.02631578947368421,0.039473684210526314,0.05263157894736842,1
93,8,57,0,315,42,0,5,0,0,0,31,0,0.015873015873015872,0.0,0.09841269841269841,2
93,8,57,1,199,38,1,3,0,8,0,23,0,0.01507537688442211,0.04020100502512563,0.11557788944723618,2
93,8,58,0,291,39,0,7,0,5,0,16,0,0.024054982817869417,0.01718213058419244,0.054982817869415807,3
93,8,58,1,154,26,0,4,0,6,0,11,0,0.025974025974025976,0.03896103896103896,0.07142857142857142,3
93,8,59,0,455,46,0,4,0,2,0,33,0,0.008791208791208791,0.004395604395604396,0.07252747252747253,4
93,8,59,1,261,35,0,6,0,8,0,16,0,0.022988505747126436,0.03065134099616858,0.06130268199233716,4
93,8,60,0,511,72,0,12,0,7,0,44,0,0.023483365949119372,0.0136986301369863,0.08610567514677103,5
93,8,60,1,282,60,0,11,0,16,0,27,0,0.03900709219858156,0.05673758865248227,0.09574468085106383,5
93,8,61,0,348,17,0,0,0,0,0,11,0,0.0,0.0,0.031609195402298854,6
93,8,61,1,222,25,0,4,0,4,0,9,0,0.018018018018018018,0.018018018018018018,0.04054054054054054,6
93,8,62,0,337,39,0,2,0,1,0,25,0,0.005934718100890208,0.002967359050445104,0.07418397626112759,7
93,8,62,1,222,23,0,0,0,1,0,11,0,0.0,0.0045045045045045045,0.04954954954954955,7
93,8,63,0,484,49,0,10,0,8,0,29,0,0.02066115702479339,0.01652892561983471,0.05991735537190083,8
93,8,63,1,245,43,0,6,0,8,0,20,0,0.024489795918367346,0.0326530612244898,0.08163265306122448,8
93,8,64,0,427,55,0,9,0,5,0,38,0,0.02107728337236534,0.0117096018735363,0.08899297423887588,9
93,8,64,1,265,57,0,11,0,15,0,20,0,0.04150943396226415,0.05660377358490566,0.07547169811320754,9
93,8,65,0,441,67,0,13,0,10,0,37,0,0.02947845804988662,0.022675736961451247,0.08390022675736962,10
93,8,65,1,221,34,0,2,0,5,0,20,0,0.00904977375565611,0.02262443438914027,0.09049773755656108,10
93,8,66,0,308,43,0,6,0,3,0,29,0,0.01948051948051948,0.00974025974025974,0.09415584415584416,11
93,8,66,1,203,56,1,11,0,14,0,12,0,0.054187192118226604,0.06896551724137931,0.059113300492610835,11
93,8,67,0,338,50,0,8,0,5,0,33,0,0.023668639053254437,0.014792899408284023,0.09763313609467456,12
93,8,67,1,204,60,0,15,0,18,0,21,0,0.07352941176470588,0.08823529411764706,0.10294117647058823,12
93,8,68,0,424,54,0,7,0,5,0,38,0,0.01650943396226415,0.01179245283018868,0.08962264150943396,13
93,8,68,1,297,52,0,8,0,10,0,25,0,0.026936026936026935,0.03367003367003367,0.08417508417508418,13
93,8,69,0,419,56,0,10,0,4,0,36,0,0.02386634844868735,0.00954653937947494,0.08591885441527446,14
93,8,69,1,280,67,0,9,0,15,0,31,0,0.03214285714285714,0.05357142857142857,0.11071428571428571,14
93,8,70,0,507,59,0,8,0,5,0,41,0,0.015779092702169626,0.009861932938856016,0.08086785009861933,15
93,8,70,1,283,59,0,14,0,17,0,20,0,0.04946996466431095,0.06007067137809187,0.0706713780918728,15
93,8,71,0,512,57,0,8,0,6,0,38,0,0.015625,0.01171875,0.07421875,16
93,8,71,1,277,64,0,10,0,12,0,33,0,0.036101083032490974,0.04332129963898917,0.11913357400722022,16
93,8,72,0,402,67,0,6,0,4,0,52,0,0.014925373134328358,0.009950248756218905,0.12935323383084577,17
93,8,72,1,279,78,0,13,0,15,0,33,0,0.04659498207885305,0.053763440860215055,0.11827956989247312,17
93,8,73,0,432,45,0,5,0,4,0,35,0,0.011574074074074073,0.009259259259259259,0.08101851851851852,18
93,8,73,1,232,48,0,10,0,11,0,19,0,0.04310344827586207,0.04741379310344827,0.08189655172413793,18
93,8,74,0,375,55,0,6,0,5,0,42,0,0.016,0.013333333333333334,0.112,19
93,8,74,1,247,62,0,9,0,10,0,31,0,0.03643724696356275,0.04048582995951417,0.12550607287449392,19
93,8,75,0,436,43,0,7,0,4,0,32,0,0.016055045871559634,0.009174311926605505,0.07339449541284404,20
93,8,75,1,274,57,0,5,0,8,0,35,0,0.01824817518248175,0.029197080291970802,0.12773722627737227,20
93,8,76,0,459,76,0,11,0,7,0,56,0,0.023965141612200435,0.015250544662309368,0.12200435729847495,21
93,8,76,1,282,83,0,17,0,21,0,32,0,0.06028368794326241,0.07446808510638298,0.11347517730496454,21
93,8,77,0,409,41,0,10,0,6,0,20,0,0.02444987775061125,0.014669926650366748,0.0488997555012225,22
93,8,77,1,308,54,0,10,0,14,0,21,0,0.032467532467532464,0.045454545454545456,0.06818181818181818,22
93,8,78,0,431,50,0,10,0,4,0,31,0,0.02320185614849188,0.009280742459396751,0.07192575406032482,23
93,8,78,1,271,59,0,8,0,14,0,29,0,0.02952029520295203,0.05166051660516605,0.1070110701107011,23
93,8,79,0,406,96,0,20,0,12,0,57,0,0.04926108374384237,0.029556650246305417,0.14039408866995073,24
93,8,79,1,279,87,0,12,0,20,0,40,0,0.043010752688172046,0.07168458781362007,0.14336917562724014,24
93,8,80,0,485,99,0,16,0,13,0,60,0,0.032989690721649485,0.026804123711340205,0.12371134020618557,25
93,8,80,1,250,68,0,12,0,15,0,27,0,0.048,0.06,0.108,25
93,8,81,0,406,58,0,6,0,4,0,44,0,0.014778325123152709,0.009852216748768473,0.10837438423645321,26
93,8,81,1,276,72,0,11,0,13,0,37,0,0.03985507246376811,0.04710144927536232,0.13405797101449277,26
93,8,82,0,371,36,0,2,0,2,0,29,0,0.005390835579514825,0.005390835579514825,0.07816711590296496,27
93,8,82,1,237,37,0,5,0,5,0,19,0,0.02109704641350211,0.02109704641350211,0.08016877637130802,27
98,8,48,0,364,51,0,9,0,7,0,32,0,0.024725274725274724,0.019230769230769232,0.08791208791208792,0
98,8,48,1,261,50,0,7,0,9,0,24,0,0.02681992337164751,0.034482758620689655,0.09195402298850575,0
98,8,49,0,288,24,0,1,0,0,0,15,0,0.003472222222222222,0.0,0.052083333333333336,1
98,8,49,1,243,40,0,11,0,12,0,6,0,0.04526748971193416,0.04938271604938271,0.024691358024691357,1
98,8,50,0,336,29,0,8,0,0,0,20,0,0.023809523809523808,0.0,0.05952380952380952,2
98,8,50,1,219,52,0,7,0,15,0,22,0,0.0319634703196347,0.0684931506849315,0.1004566210045662,2
98,8,51,0,431,47,0,9,0,7,0,24,0,0.02088167053364269,0.016241299303944315,0.05568445475638051,3
98,8,51,1,314,73,0,15,0,17,0,27,0,0.04777070063694268,0.054140127388535034,0.08598726114649681,3
98,8,52,0,424,36,0,6,0,1,0,25,0,0.014150943396226415,0.0023584905660377358,0.0589622641509434,4
98,8,52,1,295,68,0,12,0,17,0,28,0,0.04067796610169491,0.0576271186440678,0.09491525423728814,4
98,8,53,0,475,84,0,18,0,6,0,53,0,0.037894736842105266,0.01263157894736842,0.11157894736842106,5
98,8,53,1,292,80,0,13,0,25,0,33,0,0.04452054794520548,0.08561643835616438,0.11301369863013698,5
98,8,54,0,394,91,0,13,0,11,0,64,0,0.03299492385786802,0.027918781725888325,0.16243654822335024,6
98,8,54,1,291,106,0,20,0,22,0,44,0,0.06872852233676977,0.07560137457044673,0.15120274914089346,6
98,8,55,0,444,78,0,13,0,6,0,55,0,0.02927927927927928,0.013513513513513514,0.12387387387387387,7
98,8,55,1,336,111,0,22,0,29,0,48,0,0.06547619047619048,0.08630952380952381,0.14285714285714285,7
98,8,56,0,372,69,0,12,0,5,0,45,0,0.03225806451612903,0.013440860215053764,0.12096774193548387,8
98,8,56,1,322,113,0,24,0,31,0,39,0,0.07453416149068323,0.09627329192546584,0.12111801242236025,8
98,8,57,0,441,88,0,16,0,7,0,60,0,0.036281179138321996,0.015873015873015872,0.1360544217687075,9
98,8,57,1,342,129,0,28,0,37,0,48,0,0.08187134502923976,0.10818713450292397,0.14035087719298245,9
98,8,58,0,346,57,0,11,0,7,0,38,0,0.031791907514450865,0.02023121387283237,0.10982658959537572,10
98,8,58,1,225,82,0,14,0,18,0,33,0,0.06222222222222222,0.08,0.14666666666666667,10
98,8,59,0,344,68,0,12,0,6,0,47,0,0.03488372093023256,0.01744186046511628,0.13662790697674418,11
98,8,59,1,231,55,0,7,0,13,0,29,0,0.030303030303030304,0.05627705627705628,0.12554112554112554,11
98,8,60,0,424,73,0,10,0,6,0,56,0,0.02358490566037736,0.014150943396226415,0.1320754716981132,12
98,8,60,1,313,95,0,14,0,18,0,51,0,0.04472843450479233,0.05750798722044728,0.16293929712460065,12
98,8,61,0,444,104,0,23,0,13,0,65,0,0.0518018018018018,0.02927927927927928,0.1463963963963964,13
98,8,61,1,338,127,0,28,0,38,0,46,0,0.08284023668639054,0.11242603550295859,0.13609467455621302,13
98,8,62,0,436,101,0,18,0,13,0,58,0,0.04128440366972477,0.02981651376146789,0.13302752293577982,14
98,8,62,1,296,84,0,17,0,22,0,33,0,0.057432432432432436,0.07432432432432433,0.11148648648648649,14
98,8,63,0,419,106,0,26,0,11,0,61,0,0.06205250596658711,0.026252983293556086,0.14558472553699284,15
98,8,63,1,316,103,0,15,0,30,0,39,0,0.04746835443037975,0.0949367088607595,0.12341772151898735,15
98,8,64,0,416,75,0,14,0,9,0,47,0,0.03365384615384615,0.021634615384615384,0.11298076923076923,16
98,8,64,1,314,77,0,14,0,19,0,35,0,0.044585987261146494,0.06050955414012739,0.11146496815286625,16
98,8,65,0,393,67,0,12,0,8,0,43,0,0.030534351145038167,0.020356234096692113,0.10941475826972011,17
98,8,65,1,243,51,0,4,0,8,0,33,0,0.01646090534979424,0.03292181069958848,0.13580246913580246,17
98,8,66,0,92,12,0,2,0,2,0,5,0,0.021739130434782608,0.021739130434782608,0.05434782608695652,18
98,8,66,1,179,12,0,0,0,0,0,3,0,0.0,0.0,0.01675977653631285,18
98,8,67,0,462,100,0,21,0,11,0,61,0,0.045454545454545456,0.023809523809523808,0.13203463203463203,19
98,8,67,1,303,76,0,12,0,22,0,35,0,0.039603960396039604,0.07260726072607261,0.11551155115511551,19
98,8,68,1,4,1,0,0,0,0,0,0,0,0.0,0.0,0.0,20
98,8,69,0,446,114,0,29,0,18,0,63,0,0.06502242152466367,0.04035874439461883,0.1412556053811659,21
98,8,69,1,324,100,0,14,0,25,0,45,0,0.043209876543209874,0.07716049382716049,0.1388888888888889,21
98,8,70,0,470,85,0,13,0,6,0,63,0,0.027659574468085105,0.01276595744680851,0.13404255319148936,22
98,8,70,1,310,87,0,15,0,22,0,38,0,0.04838709677419355,0.07096774193548387,0.12258064516129032,22
98,8,71,0,405,99,0,16,0,8,0,73,0,0.03950617283950617,0.019753086419753086,0.18024691358024691,23
98,8,71,1,341,106,0,19,0,27,0,45,0,0.05571847507331378,0.07917888563049853,0.13196480938416422,23
98,8,72,0,421,115,0,26,0,16,0,66,0,0.06175771971496437,0.03800475059382423,0.15676959619952494,24
98,8,72,1,305,108,0,18,0,28,0,41,0,0.05901639344262295,0.09180327868852459,0.13442622950819672,24
98,8,73,0,506,121,0,24,0,16,0,69,0,0.04743083003952569,0.03162055335968379,0.13636363636363635,25
98,8,73,1,267,68,0,10,0,18,0,31,0,0.03745318352059925,0.06741573033707865,0.11610486891385768,25
98,8,74,0,490,97,0,17,0,10,0,63,0,0.03469387755102041,0.02040816326530612,0.12857142857142856,26
98,8,74,1,299,76,0,13,0,20,0,31,0,0.043478260869565216,0.06688963210702341,0.10367892976588629,26
99,8,47,0,434,74,0,14,0,10,0,47,0,0.03225806451612903,0.02304147465437788,0.10829493087557604,0
99,8,47,1,288,73,0,15,0,19,0,26,0,0.052083333333333336,0.06597222222222222,0.09027777777777778,0
99,8,48,0,567,69,0,7,0,4,0,52,0,0.012345679012345678,0.007054673721340388,0.09171075837742504,1
99,8,48,1,306,61,0,9,0,12,0,32,0,0.029411764705882353,0.0392156862745098,0.10457516339869281,1
99,8,49,0,387,31,0,5,0,4,0,20,0,0.012919896640826873,0.0103359173126615,0.05167958656330749,2
99,8,49,1,256,52,0,7,0,8,0,25,0,0.02734375,0.03125,0.09765625,2
99,8,50,0,528,90,0,20,0,15,0,49,0,0.03787878787878788,0.028409090909090908,0.0928030303030303,3
99,8,50,1,323,77,0,11,0,16,0,32,0,0.034055727554179564,0.04953560371517028,0.09907120743034056,3
99,8,51,0,545,56,0,13,0,5,0,35,0,0.023853211009174313,0.009174311926605505,0.06422018348623854,4
99,8,51,1,341,68,0,11,0,19,0,28,0,0.03225806451612903,0.05571847507331378,0.08211143695014662,4
99,8,52,0,543,76,0,19,0,5,0,46,0,0.034990791896869246,0.009208103130755065,0.0847145488029466,5
99,8,52,1,355,102,0,16,0,30,0,36,0,0.04507042253521127,0.08450704225352113,0.10140845070422536,5
99,8,53,0,568,54,0,8,0,5,0,36,0,0.014084507042253521,0.008802816901408451,0.06338028169014084,6
99,8,53,1,360,60,0,12,0,15,0,25,0,0.03333333333333333,0.041666666666666664,0.06944444444444445,6
99,8,54,0,547,59,0,9,0,2,0,43,0,0.016453382084095063,0.003656307129798903,0.07861060329067641,7
99,8,54,1,345,86,0,17,0,24,0,26,0,0.04927536231884058,0.06956521739130435,0.07536231884057971,7
99,8,55,0,532,60,0,10,0,8,0,40,0,0.018796992481203006,0.015037593984962405,0.07518796992481203,8
99,8,55,1,331,76,0,16,0,18,0,30,0,0.04833836858006042,0.054380664652567974,0.09063444108761329,8
99,8,56,0,571,69,0,9,0,4,0,54,0,0.01576182136602452,0.0070052539404553416,0.09457092819614711,9
99,8,56,1,353,71,0,8,0,13,0,36,0,0.0226628895184136,0.036827195467422094,0.10198300283286119,9
99,8,57,0,232,31,0,2,0,2,0,22,0,0.008620689655172414,0.008620689655172414,0.09482758620689655,10
99,8,57,1,168,17,0,2,0,2,0,8,0,0.011904761904761904,0.011904761904761904,0.047619047619047616,10
99,8,58,0,496,54,0,4,0,4,0,43,0,0.008064516129032258,0.008064516129032258,0.08669354838709678,11
99,8,58,1,252,31,0,3,0,3,0,22,0,0.011904761904761904,0.011904761904761904,0.0873015873015873,11
99,8,59,0,540,64,0,10,0,4,0,49,0,0.018518518518518517,0.007407407407407408,0.09074074074074075,12
99,8,59,1,301,56,0,2,0,8,0,40,0,0.006644518272425249,0.026578073089700997,0.132890365448505,12
99,8,60,0,549,86,0,9,0,6,0,65,0,0.01639344262295082,0.01092896174863388,0.11839708561020036,13
99,8,60,1,304,89,0,13,0,16,0,47,0,0.04276315789473684,0.05263157894736842,0.15460526315789475,13
99,8,61,0,568,81,0,8,0,5,0,65,0,0.014084507042253521,0.008802816901408451,0.11443661971830986,14
99,8,61,1,350,91,0,18,0,21,0,38,0,0.05142857142857143,0.06,0.10857142857142857,14
99,8,62,0,566,90,0,18,0,11,0,56,0,0.03180212014134275,0.019434628975265017,0.0989399293286219,15
99,8,62,1,306,82,0,18,0,25,0,25,0,0.058823529411764705,0.08169934640522876,0.08169934640522876,15
99,8,63,0,561,59,0,13,0,5,0,34,0,0.023172905525846704,0.008912655971479501,0.06060606060606061,16
99,8,63,1,293,49,0,8,0,16,0,18,0,0.027303754266211604,0.05460750853242321,0.06143344709897611,16
99,8,64,0,436,25,0,4,0,3,0,16,0,0.009174311926605505,0.006880733944954129,0.03669724770642202,17
99,8,64,1,248,24,0,0,0,1,0,18,0,0.0,0.004032258064516129,0.07258064516129033,17
99,8,65,0,351,42,0,2,0,2,0,38,0,0.005698005698005698,0.005698005698005698,0.10826210826210826,18
99,8,65,1,251,52,0,10,0,10,0,22,0,0.0398406374501992,0.0398406374501992,0.08764940239043825,18
99,8,66,0,496,51,0,8,0,4,0,35,0,0.016129032258064516,0.008064516129032258,0.07056451612903226,19
99,8,66,1,284,46,0,7,0,11,0,24,0,0.02464788732394366,0.03873239436619718,0.08450704225352113,19
99,8,67,0,535,69,0,10,0,6,0,50,0,0.018691588785046728,0.011214953271028037,0.09345794392523364,20
99,8,67,1,362,87,0,16,0,20,0,42,0,0.04419889502762431,0.055248618784530384,0.11602209944751381,20
99,8,68,0,470,55,0,8,0,5,0,40,0,0.01702127659574468,0.010638297872340425,0.0851063829787234,21
99,8,68,1,317,46,0,7,0,10,0,22,0,0.022082018927444796,0.031545741324921134,0.0694006309148265,21
99,8,69,0,541,49,0,1,0,0,0,43,0,0.0018484288354898336,0.0,0.07948243992606285,22
99,8,69,1,319,54,0,7,0,8,0,31,0,0.0219435736677116,0.025078369905956112,0.09717868338557993,22
99,8,70,0,216,13,0,1,0,0,0,11,0,0.004629629629629629,0.0,0.05092592592592592,23
99,8,70,1,109,10,0,0,0,1,0,9,0,0.0,0.009174311926605505,0.08256880733944955,23
99,8,71,0,578,63,0,7,0,5,0,47,0,0.012110726643598616,0.00865051903114187,0.08131487889273356,24
99,8,71,1,311,48,0,5,0,7,0,30,0,0.01607717041800643,0.022508038585209004,0.09646302250803858,24
99,8,72,0,411,35,0,1,0,1,0,30,0,0.0024330900243309003,0.0024330900243309003,0.072992700729927,25
99,8,72,1,241,38,0,4,0,4,0,26,0,0.016597510373443983,0.016597510373443983,0.1078838174273859,25
100,8,43,0,388,50,0,6,0,3,0,36,0,0.015463917525773196,0.007731958762886598,0.09278350515463918,0
100,8,43,1,234,46,0,6,0,9,0,18,0,0.02564102564102564,0.038461538461538464,0.07692307692307693,0
100,8,44,0,387,50,0,7,0,4,0,36,0,0.01808785529715762,0.0103359173126615,0.09302325581395349,1
100,8,44,1,245,42,0,6,0,9,0,13,0,0.024489795918367346,0.036734693877551024,0.053061224489795916,1
100,8,45,0,450,72,0,9,0,6,0,52,0,0.02,0.013333333333333334,0.11555555555555555,2
100,8,45,1,279,64,0,13,0,16,0,26,0,0.04659498207885305,0.05734767025089606,0.0931899641577061,2
100,8,46,0,469,43,0,5,0,4,0,32,0,0.010660980810234541,0.008528784648187633,0.06823027718550106,3
100,8,46,1,272,41,0,4,0,5,0,23,0,0.014705882352941176,0.01838235294117647,0.08455882352941177,3
100,8,47,0,501,47,0,4,0,2,0,37,0,0.007984031936127744,0.003992015968063872,0.07385229540918163,4
100,8,47,1,273,33,0,6,0,8,0,16,0,0.02197802197802198,0.029304029304029304,0.05860805860805861,4
100,8,48,0,502,56,0,6,0,2,0,45,0,0.01195219123505976,0.00398406374501992,0.08964143426294821,5
100,8,48,1,239,33,0,4,0,8,0,15,0,0.016736401673640166,0.03347280334728033,0.06276150627615062,5
100,8,49,0,467,41,0,6,0,3,0,31,0,0.01284796573875803,0.006423982869379015,0.06638115631691649,6
100,8,49,1,257,42,0,5,0,8,0,26,0,0.019455252918287938,0.0311284046692607,0.10116731517509728,6
100,8,50,0,408,40,0,5,0,3,0,28,0,0.012254901960784314,0.007352941176470588,0.06862745098039216,7
100,8,50,1,251,36,0,2,0,4,0,20,0,0.00796812749003984,0.01593625498007968,0.0796812749003984,7
100,8,51,0,448,49,0,5,0,2,0,38,0,0.011160714285714286,0.004464285714285714,0.08482142857142858,8
100,8,51,1,268,47,0,7,0,10,0,25,0,0.026119402985074626,0.03731343283582089,0.09328358208955224,8
100,8,52,0,440,63,0,11,0,8,0,38,0,0.025,0.01818181818181818,0.08636363636363636,9
100,8,52,1,253,58,0,8,0,11,0,28,0,0.03162055335968379,0.043478260869565216,0.11067193675889328,9
100,8,53,0,479,65,0,7,0,6,0,46,0,0.014613778705636743,0.012526096033402923,0.09603340292275574,10
100,8,53,1,258,44,0,9,0,10,0,17,0,0.03488372093023256,0.03875968992248062,0.06589147286821706,10
100,8,54,0,468,50,0,9,0,6,0,32,0,0.019230769230769232,0.01282051282051282,0.06837606837606838,11
100,8,54,1,271,37,0,3,0,6,0,22,0,0.01107011070110701,0.02214022140221402,0.08118081180811808,11
100,8,55,0,493,46,0,5,0,5,0,32,0,0.010141987829614604,0.010141987829614604,0.06490872210953347,12
100,8,55,1,265,30,0,2,0,2,0,25,0,0.007547169811320755,0.007547169811320755,0.09433962264150944,12
100,8,56,0,292,39,0,5,0,4,0,26,0,0.017123287671232876,0.0136986301369863,0.08904109589041095,13
100,8,56,1,162,12,0,1,0,2,0,6,0,0.006172839506172839,0.012345679012345678,0.037037037037037035,13
100,8,58,0,428,43,0,6,0,6,0,30,0,0.014018691588785047,0.014018691588785047,0.07009345794392523,15
100,8,58,1,255,43,0,9,0,9,0,22,0,0.03529411764705882,0.03529411764705882,0.08627450980392157,15
100,8,59,0,441,52,0,6,0,3,0,43,0,0.013605442176870748,0.006802721088435374,0.09750566893424037,16
100,8,59,1,248,32,0,2,0,5,0,22,0,0.008064516129032258,0.020161290322580645,0.08870967741935484,16
100,8,60,0,428,56,0,6,0,4,0,45,0,0.014018691588785047,0.009345794392523364,0.10514018691588785,17
100,8,60,1,263,39,0,3,0,5,0,27,0,0.011406844106463879,0.019011406844106463,0.10266159695817491,17
100,8,61,0,511,46,0,4,0,3,0,35,0,0.007827788649706457,0.005870841487279843,0.0684931506849315,18
100,8,61,1,265,38,0,7,0,8,0,17,0,0.026415094339622643,0.03018867924528302,0.06415094339622641,18
100,8,62,0,459,38,0,7,0,4,0,27,0,0.015250544662309368,0.008714596949891068,0.058823529411764705,19
100,8,62,1,283,47,0,4,0,7,0,32,0,0.014134275618374558,0.024734982332155476,0.11307420494699646,19
100,8,63,0,464,32,0,4,0,3,0,24,0,0.008620689655172414,0.00646551724137931,0.05172413793103448,20
100,8,63,1,274,33,0,2,0,3,0,25,0,0.0072992700729927005,0.010948905109489052,0.09124087591240876,20
100,8,64,0,496,48,0,6,0,5,0,35,0,0.012096774193548387,0.010080645161290322,0.07056451612903226,21
100,8,64,1,250,37,0,5,0,6,0,22,0,0.02,0.024,0.088,21
100,8,65,0,462,44,0,7,0,3,0,32,0,0.015151515151515152,0.006493506493506494,0.06926406926406926,22
100,8,65,1,252,44,0,9,0,13,0,18,0,0.03571428571428571,0.051587301587301584,0.07142857142857142,22
100,8,66,0,436,41,0,5,0,3,0,33,0,0.011467889908256881,0.006880733944954129,0.07568807339449542,23
100,8,66,1,279,44,0,5,0,7,0,27,0,0.017921146953405017,0.025089605734767026,0.0967741935483871,23
100,8,67,0,459,50,0,6,0,4,0,29,0,0.013071895424836602,0.008714596949891068,0.06318082788671024,24
100,8,67,1,255,38,0,4,0,6,0,19,0,0.01568627450980392,0.023529411764705882,0.07450980392156863,24
100,8,68,0,405,51,0,7,0,6,0,31,0,0.01728395061728395,0.014814814814814815,0.07654320987654321,25
100,8,68,1,231,33,0,4,0,5,0,20,0,0.017316017316017316,0.021645021645021644,0.08658008658008658,25
100,8,69,0,339,33,0,6,0,5,0,18,0,0.017699115044247787,0.014749262536873156,0.05309734513274336,26
100,8,69,1,281,65,0,12,0,13,0,24,0,0.042704626334519574,0.046263345195729534,0.08540925266903915,26
100,8,70,0,383,39,0,5,0,3,0,28,0,0.013054830287206266,0.007832898172323759,0.0731070496083551,27
100,8,70,1,283,60,0,9,0,11,0,33,0,0.03180212014134275,0.038869257950530034,0.1166077738515901,27
100,8,71,0,435,22,0,1,0,1,0,18,0,0.0022988505747126436,0.0022988505747126436,0.041379310344827586,28
100,8,71,1,245,27,0,5,0,5,0,12,0,0.02040816326530612,0.02040816326530612,0.04897959183673469,28
100,8,72,0,375,25,0,3,0,0,0,20,0,0.008,0.0,0.05333333333333334,29
100,8,72,1,243,41,0,4,0,7,0,20,0,0.01646090534979424,0.02880658436213992,0.0823045267489712,29
103,8,53,0,426,53,0,6,0,5,0,39,0,0.014084507042253521,0.011737089201877934,0.09154929577464789,0
103,8,53,1,265,34,0,3,0,4,0,17,0,0.011320754716981131,0.01509433962264151,0.06415094339622641,0
103,8,54,0,469,65,0,9,0,5,0,44,0,0.019189765458422176,0.010660980810234541,0.09381663113006397,1
103,8,54,1,274,56,0,9,0,13,0,25,0,0.032846715328467155,0.04744525547445255,0.09124087591240876,1
103,8,55,0,611,78,0,12,0,8,0,57,0,0.019639934533551555,0.01309328968903437,0.09328968903436989,2
103,8,55,1,363,75,0,12,0,16,0,41,0,0.03305785123966942,0.0440771349862259,0.11294765840220386,2
103,8,56,0,372,37,0,2,0,1,0,25,0,0.005376344086021506,0.002688172043010753,0.06720430107526881,3
103,8,56,1,238,31,0,4,0,5,0,17,0,0.01680672268907563,0.02100840336134454,0.07142857142857142,3
103,8,57,0,474,50,0,5,0,4,0,36,0,0.010548523206751054,0.008438818565400843,0.0759493670886076,4
103,8,57,1,302,48,0,6,0,7,0,26,0,0.019867549668874173,0.023178807947019868,0.08609271523178808,4
103,8,58,0,520,69,0,8,0,3,0,57,0,0.015384615384615385,0.0057692307692307696,0.10961538461538461,5
103,8,58,1,326,75,0,9,0,14,0,48,0,0.027607361963190184,0.04294478527607362,0.147239263803681,5
103,8,59,0,547,45,0,2,0,1,0,41,0,0.003656307129798903,0.0018281535648994515,0.07495429616087751,6
103,8,59,1,286,43,0,7,0,8,0,22,0,0.024475524475524476,0.027972027972027972,0.07692307692307693,6
103,8,60,0,553,53,0,6,0,5,0,39,0,0.0108499095840868,0.009041591320072333,0.0705244122965642,7
103,8,60,1,290,54,0,9,0,10,0,31,0,0.03103448275862069,0.034482758620689655,0.10689655172413794,7
103,8,61,0,560,70,0,4,0,3,0,61,0,0.007142857142857143,0.005357142857142857,0.10892857142857143,8
103,8,61,1,308,54,0,9,0,10,0,32,0,0.02922077922077922,0.032467532467532464,0.1038961038961039,8
103,8,62,0,588,69,0,10,0,7,0,50,0,0.017006802721088437,0.011904761904761904,0.08503401360544217,9
103,8,62,1,291,52,0,5,0,8,0,33,0,0.01718213058419244,0.027491408934707903,0.1134020618556701,9
103,8,63,0,595,70,0,8,0,4,0,58,0,0.013445378151260505,0.0067226890756302525,0.09747899159663866,10
103,8,63,1,338,65,0,10,0,14,0,31,0,0.029585798816568046,0.04142011834319527,0.09171597633136094,10
103,8,64,0,584,53,0,7,0,2,0,41,0,0.011986301369863013,0.003424657534246575,0.0702054794520548,11
103,8,64,1,316,57,0,6,0,11,0,35,0,0.0189873417721519,0.03481012658227848,0.11075949367088607,11
103,8,65,0,487,50,0,5,0,2,0,36,0,0.01026694045174538,0.004106776180698152,0.07392197125256673,12
103,8,65,1,284,47,0,4,0,7,0,30,0,0.014084507042253521,0.02464788732394366,0.1056338028169014,12
103,8,66,0,235,37,0,5,0,3,0,28,0,0.02127659574468085,0.01276595744680851,0.11914893617021277,13
103,8,66,1,145,29,0,1,0,3,0,22,0,0.006896551724137931,0.020689655172413793,0.15172413793103448,13
103,8,67,0,517,80,0,9,0,8,0,60,0,0.017408123791102514,0.015473887814313346,0.11605415860735009,14
103,8,67,1,301,58,0,7,0,8,0,36,0,0.023255813953488372,0.026578073089700997,0.11960132890365449,14
103,8,68,0,453,69,0,7,0,4,0,54,0,0.01545253863134658,0.008830022075055188,0.11920529801324503,15
103,8,68,1,327,74,0,11,0,14,0,42,0,0.03363914373088685,0.04281345565749235,0.12844036697247707,15
103,8,69,0,593,58,0,7,0,5,0,44,0,0.011804384485666104,0.008431703204047217,0.07419898819561552,16
103,8,69,1,316,52,0,3,0,5,0,34,0,0.00949367088607595,0.015822784810126583,0.10759493670886076,16
103,8,70,0,283,62,0,14,0,5,0,39,0,0.04946996466431095,0.0176678445229682,0.13780918727915195,17
103,8,70,1,190,63,0,9,0,18,0,24,0,0.04736842105263158,0.09473684210526316,0.12631578947368421,17
103,8,71,0,575,46,0,6,0,1,0,35,0,0.010434782608695653,0.0017391304347826088,0.06086956521739131,18
103,8,71,1,308,53,0,8,0,13,0,19,0,0.025974025974025976,0.04220779220779221,0.06168831168831169,18
103,8,72,0,498,46,0,4,0,2,0,35,0,0.008032128514056224,0.004016064257028112,0.07028112449799197,19
103,8,72,1,260,32,0,4,0,6,0,20,0,0.015384615384615385,0.023076923076923078,0.07692307692307693,19
103,8,73,0,449,47,0,2,0,1,0,33,0,0.004454342984409799,0.0022271714922048997,0.07349665924276169,20
103,8,73,1,267,39,0,6,0,7,0,22,0,0.02247191011235955,0.026217228464419477,0.08239700374531835,20
103,8,74,0,476,47,0,4,0,4,0,39,0,0.008403361344537815,0.008403361344537815,0.0819327731092437,21
103,8,74,1,288,38,0,4,0,4,0,24,0,0.013888888888888888,0.013888888888888888,0.08333333333333333,21
103,8,75,0,502,49,0,6,0,2,0,38,0,0.01195219123505976,0.00398406374501992,0.07569721115537849,22
103,8,75,1,288,52,0,7,0,11,0,28,0,0.024305555555555556,0.03819444444444445,0.09722222222222222,22
103,8,76,0,470,35,0,2,0,2,0,27,0,0.00425531914893617,0.00425531914893617,0.0574468085106383,23
103,8,76,1,276,40,0,2,0,2,0,29,0,0.007246376811594203,0.007246376811594203,0.10507246376811594,23
103,8,77,0,469,46,0,8,0,3,0,29,0,0.017057569296375266,0.006396588486140725,0.06183368869936034,24
103,8,77,1,276,55,0,6,0,11,0,31,0,0.021739130434782608,0.03985507246376811,0.11231884057971014,24
103,8,78,0,359,57,0,8,0,6,0,33,0,0.022284122562674095,0.016713091922005572,0.09192200557103064,25
103,8,78,1,200,21,0,1,0,3,0,12,0,0.005,0.015,0.06,25
103,8,79,0,357,30,0,3,0,1,0,24,0,0.008403361344537815,0.0028011204481792717,0.06722689075630252,26
103,8,79,1,271,48,0,5,0,7,0,30,0,0.01845018450184502,0.025830258302583026,0.11070110701107011,26
103,8,80,0,484,77,0,9,0,7,0,58,0,0.01859504132231405,0.014462809917355372,0.11983471074380166,27
103,8,80,1,304,101,0,21,0,23,0,33,0,0.06907894736842106,0.0756578947368421,0.10855263157894737,27
103,8,81,0,628,143,0,18,0,18,0,84,0,0.028662420382165606,0.028662420382165606,0.1337579617834395,28
